{
"type": "FeatureCollection",
"name": "world",
"crs": { "type": "name", "properties": { "name": "urn:ogc:def:crs:OGC:1.3:CRS84" } },
"features": [
{ "type": "Feature", "properties": { "ISO3": "ZWE", "name": "Zimbabwe" }, "geometry": { "type": "Polygon", "coordinates": [ [ [ 31.29, -22.4 ], [ 32.37, -21.33 ], [ 32.48, -20.71 ], [ 33.01, -19.87 ], [ 32.72, -19.0 ], [ 32.99, -18.36 ], [ 32.97, -17.25 ], [ 32.88, -16.88 ], [ 32.94, -16.78 ], [ 32.95, -16.71 ], [ 31.94, -16.43 ], [ 31.24, -16.02 ], [ 30.44, -16.0 ], [ 30.4, -15.64 ], [ 29.73, -15.64 ], [ 28.91, -15.99 ], [ 28.76, -16.53 ], [ 28.4, -16.66 ], [ 28.16, -16.77 ], [ 27.93, -16.9 ], [ 27.02, -17.96 ], [ 25.86, -17.95 ], [ 25.26, -17.79 ], [ 26.17, -19.54 ], [ 27.7, -20.53 ], [ 27.67, -21.06 ], [ 28.05, -21.57 ], [ 29.04, -21.81 ], [ 29.36, -22.19 ], [ 29.66, -22.15 ], [ 31.29, -22.4 ] ] ] } },
{ "type": "Feature", "properties": { "ISO3": "ZMB", "name": "Zambia" }, "geometry": { "type": "Polygon", "coordinates": [ [ [ 30.4, -15.64 ], [ 30.23, -14.99 ], [ 33.2, -14.01 ], [ 32.67, -13.61 ], [ 32.97, -13.22 ], [ 33.02, -12.63 ], [ 33.4, -12.49 ], [ 33.23, -11.53 ], [ 33.26, -10.89 ], [ 33.66, -10.59 ], [ 33.35, -9.86 ], [ 32.92, -9.41 ], [ 31.94, -9.05 ], [ 30.75, -8.19 ], [ 28.97, -8.46 ], [ 28.4, -9.22 ], [ 28.63, -9.83 ], [ 28.64, -10.67 ], [ 28.36, -11.48 ], [ 29.06, -12.35 ], [ 29.8, -12.16 ], [ 29.8, -13.39 ], [ 29.01, -13.37 ], [ 28.36, -12.48 ], [ 26.95, -11.9 ], [ 26.03, -11.89 ], [ 25.35, -11.62 ], [ 25.18, -11.24 ], [ 24.52, -11.44 ], [ 23.97, -10.87 ], [ 23.99, -12.42 ], [ 23.84, -13.0 ], [ 21.98, -13.0 ], [ 21.98, -15.96 ], [ 22.15, -16.6 ], [ 22.31, -16.69 ], [ 22.46, -16.82 ], [ 22.55, -16.91 ], [ 22.96, -17.29 ], [ 23.38, -17.64 ], [ 24.27, -17.48 ], [ 25.26, -17.79 ], [ 25.86, -17.95 ], [ 27.02, -17.96 ], [ 27.93, -16.9 ], [ 28.16, -16.77 ], [ 28.4, -16.66 ], [ 28.76, -16.53 ], [ 28.91, -15.99 ], [ 29.73, -15.64 ], [ 30.4, -15.64 ] ] ] } },
{ "type": "Feature", "properties": { "ISO3": "YEM", "name": "Yemen" }, "geometry": { "type": "Polygon", "coordinates": [ [ [ 53.09, 16.65 ], [ 51.98, 19.0 ], [ 49.04, 18.58 ], [ 48.17, 18.16 ], [ 47.44, 17.11 ], [ 46.98, 16.95 ], [ 46.68, 17.27 ], [ 45.15, 17.43 ], [ 43.19, 17.36 ], [ 43.17, 16.69 ], [ 42.8, 16.37 ], [ 42.72, 15.65 ], [ 43.48, 12.84 ], [ 43.93, 12.62 ], [ 45.04, 12.82 ], [ 45.66, 13.34 ], [ 46.79, 13.47 ], [ 47.99, 14.05 ], [ 48.67, 14.05 ], [ 49.35, 14.64 ], [ 51.6, 15.34 ], [ 52.22, 15.66 ], [ 52.33, 16.29 ], [ 53.09, 16.65 ] ] ] } },
{ "type": "Feature", "properties": { "ISO3": "VNM", "name": "Vietnam" }, "geometry": { "type": "Polygon", "coordinates": [ [ [ 107.97, 21.51 ], [ 107.35, 21.61 ], [ 106.73, 22.0 ], [ 106.78, 22.78 ], [ 105.84, 22.92 ], [ 105.28, 23.35 ], [ 104.37, 22.7 ], [ 103.36, 22.75 ], [ 103.01, 22.45 ], [ 102.52, 22.74 ], [ 102.13, 22.38 ], [ 102.95, 21.57 ], [ 103.1, 20.89 ], [ 103.64, 20.7 ], [ 104.05, 20.94 ], [ 104.58, 20.65 ], [ 104.93, 20.02 ], [ 104.55, 19.61 ], [ 103.9, 19.34 ], [ 105.46, 18.15 ], [ 105.69, 17.74 ], [ 106.5, 16.95 ], [ 106.7, 16.46 ], [ 107.4, 16.04 ], [ 107.19, 15.75 ], [ 107.65, 15.26 ], [ 107.52, 14.71 ], [ 107.33, 14.13 ], [ 107.61, 13.44 ], [ 107.51, 12.36 ], [ 105.85, 11.64 ], [ 105.86, 11.29 ], [ 104.85, 10.53 ], [ 104.43, 10.41 ], [ 105.03, 10.07 ], [ 104.82, 8.8 ], [ 106.57, 9.64 ], [ 106.81, 10.43 ], [ 107.26, 10.4 ], [ 108.27, 10.93 ], [ 109.2, 11.72 ], [ 109.3, 13.86 ], [ 108.82, 15.38 ], [ 108.03, 16.33 ], [ 107.18, 16.9 ], [ 106.48, 17.72 ], [ 105.62, 18.97 ], [ 105.98, 19.94 ], [ 106.52, 20.29 ], [ 106.68, 20.96 ], [ 107.35, 21.06 ], [ 107.97, 21.51 ] ] ] } },
{ "type": "Feature", "properties": { "ISO3": "VEN", "name": "Venezuela" }, "geometry": { "type": "Polygon", "coordinates": [ [ [ -60.02, 8.55 ], [ -60.8, 8.59 ], [ -61.05, 9.1 ], [ -60.79, 9.36 ], [ -62.52, 10.18 ], [ -62.7, 10.75 ], [ -63.87, 10.66 ], [ -64.85, 10.1 ], [ -65.85, 10.26 ], [ -66.25, 10.63 ], [ -67.87, 10.47 ], [ -68.23, 10.57 ], [ -68.4, 11.16 ], [ -68.83, 11.43 ], [ -69.63, 11.48 ], [ -70.0, 12.18 ], [ -70.29, 11.89 ], [ -70.23, 11.37 ], [ -71.47, 10.96 ], [ -71.39, 10.26 ], [ -71.05, 9.71 ], [ -71.3, 9.13 ], [ -71.69, 9.07 ], [ -72.11, 9.82 ], [ -71.59, 10.66 ], [ -71.95, 11.41 ], [ -71.32, 11.86 ], [ -71.96, 11.67 ], [ -72.69, 10.84 ], [ -73.01, 9.79 ], [ -73.36, 9.23 ], [ -72.8, 9.11 ], [ -72.42, 8.38 ], [ -72.44, 7.45 ], [ -72.08, 7.1 ], [ -70.1, 6.94 ], [ -69.44, 6.13 ], [ -67.86, 6.29 ], [ -67.44, 6.03 ], [ -67.82, 5.27 ], [ -67.86, 4.51 ], [ -67.66, 3.86 ], [ -67.31, 3.42 ], [ -67.83, 2.89 ], [ -67.21, 2.39 ], [ -66.88, 1.22 ], [ -66.43, 0.82 ], [ -65.1, 1.11 ], [ -64.11, 1.62 ], [ -63.92, 2.45 ], [ -64.22, 3.59 ], [ -63.29, 3.92 ], [ -62.15, 4.1 ], [ -61.0, 4.54 ], [ -60.74, 5.2 ], [ -61.38, 5.91 ], [ -61.15, 6.69 ], [ -60.4, 6.95 ], [ -60.72, 7.5 ], [ -60.03, 8.05 ], [ -60.02, 8.55 ] ] ] } },
{ "type": "Feature", "properties": { "ISO3": "VAT", "name": "Vatican" }, "geometry": { "type": "Polygon", "coordinates": [ [ [ 12.44, 41.91 ], [ 12.43, 41.91 ], [ 12.43, 41.9 ], [ 12.44, 41.9 ], [ 12.44, 41.91 ] ] ] } },
{ "type": "Feature", "properties": { "ISO3": "VUT", "name": "Vanuatu" }, "geometry": { "type": "Polygon", "coordinates": [ [ [ 166.66, -14.74 ], [ 166.63, -15.41 ], [ 166.83, -15.63 ], [ 167.2, -15.49 ], [ 166.81, -15.16 ], [ 166.66, -14.74 ] ] ] } },
{ "type": "Feature", "properties": { "ISO3": "UZB", "name": "Uzbekistan" }, "geometry": { "type": "Polygon", "coordinates": [ [ [ 70.95, 42.25 ], [ 69.06, 41.37 ], [ 68.29, 40.66 ], [ 67.94, 41.2 ], [ 66.81, 41.14 ], [ 66.5, 41.99 ], [ 66.01, 42.0 ], [ 66.1, 42.99 ], [ 64.91, 43.71 ], [ 64.44, 43.55 ], [ 63.21, 43.63 ], [ 61.99, 43.49 ], [ 61.01, 44.39 ], [ 58.56, 45.56 ], [ 55.98, 44.99 ], [ 55.98, 41.32 ], [ 57.02, 41.26 ], [ 56.96, 41.86 ], [ 57.81, 42.19 ], [ 58.59, 42.78 ], [ 60.11, 41.91 ], [ 60.45, 41.22 ], [ 61.95, 41.03 ], [ 62.65, 39.86 ], [ 64.16, 38.95 ], [ 65.61, 38.24 ], [ 66.63, 37.93 ], [ 66.52, 37.35 ], [ 67.76, 37.17 ], [ 68.29, 38.03 ], [ 68.05, 38.67 ], [ 67.35, 39.24 ], [ 67.72, 39.62 ], [ 68.46, 39.54 ], [ 68.65, 40.18 ], [ 69.21, 40.57 ], [ 70.44, 41.02 ], [ 70.96, 40.24 ], [ 71.69, 40.15 ], [ 72.62, 40.88 ], [ 71.79, 41.41 ], [ 71.41, 41.14 ], [ 70.18, 41.57 ], [ 70.95, 42.25 ] ] ] } },
{ "type": "Feature", "properties": { "ISO3": "URY", "name": "Uruguay" }, "geometry": { "type": "Polygon", "coordinates": [ [ [ -53.37, -33.74 ], [ -53.53, -33.17 ], [ -53.13, -32.74 ], [ -53.76, -32.06 ], [ -54.59, -31.49 ], [ -55.87, -31.07 ], [ -56.83, -30.11 ], [ -57.61, -30.19 ], [ -58.19, -31.92 ], [ -58.2, -32.47 ], [ -58.4, -33.91 ], [ -57.83, -34.48 ], [ -57.17, -34.45 ], [ -56.12, -34.91 ], [ -54.9, -34.93 ], [ -53.79, -34.38 ], [ -53.37, -33.74 ] ] ] } },
{ "type": "Feature", "properties": { "ISO3": "FSM", "name": "Micronesia" }, "geometry": { "type": "Polygon", "coordinates": [ [ [ 158.31, 6.85 ], [ 158.29, 6.95 ], [ 158.13, 6.94 ], [ 158.18, 6.8 ], [ 158.31, 6.85 ] ] ] } },
{ "type": "Feature", "properties": { "ISO3": "MHL", "name": "Marshall Is." }, "geometry": { "type": "Polygon", "coordinates": [ [ [ 171.05, 7.17 ], [ 171.1, 7.11 ], [ 171.2, 7.07 ], [ 171.23, 7.09 ], [ 171.1, 7.14 ], [ 171.05, 7.17 ] ] ] } },
{ "type": "Feature", "properties": { "ISO3": "MNP", "name": "N. Mariana Is." }, "geometry": { "type": "Polygon", "coordinates": [ [ [ 145.78, 15.17 ], [ 145.71, 15.22 ], [ 145.68, 15.13 ], [ 145.75, 15.11 ], [ 145.78, 15.17 ] ] ] } },
{ "type": "Feature", "properties": { "ISO3": "VIR", "name": "U.S. Virgin Is." }, "geometry": { "type": "Polygon", "coordinates": [ [ [ -64.88, 17.77 ], [ -64.89, 17.7 ], [ -64.69, 17.71 ], [ -64.77, 17.79 ], [ -64.88, 17.77 ] ] ] } },
{ "type": "Feature", "properties": { "ISO3": "GUM", "name": "Guam" }, "geometry": { "type": "Polygon", "coordinates": [ [ [ 144.78, 13.41 ], [ 144.65, 13.43 ], [ 144.65, 13.31 ], [ 144.74, 13.26 ], [ 144.78, 13.41 ] ] ] } },
{ "type": "Feature", "properties": { "ISO3": "ASM", "name": "American Samoa" }, "geometry": { "type": "Polygon", "coordinates": [ [ [ -170.64, -14.28 ], [ -170.69, -14.26 ], [ -170.82, -14.31 ], [ -170.73, -14.35 ], [ -170.64, -14.28 ] ] ] } },
{ "type": "Feature", "properties": { "ISO3": "PRI", "name": "Puerto Rico" }, "geometry": { "type": "Polygon", "coordinates": [ [ [ -66.15, 18.47 ], [ -67.16, 18.5 ], [ -67.2, 17.99 ], [ -65.97, 17.97 ], [ -66.15, 18.47 ] ] ] } },
{ "type": "Feature", "properties": { "ISO3": "USA", "name": "United States of America" }, "geometry": { "type": "MultiPolygon", "coordinates": [ [ [ [ -152.85, 57.9 ], [ -154.71, 57.34 ], [ -153.79, 56.99 ], [ -152.22, 57.58 ], [ -152.85, 57.9 ] ] ], [ [ [ -130.03, 55.89 ], [ -131.87, 56.79 ], [ -133.82, 58.71 ], [ -134.94, 59.29 ], [ -135.48, 59.79 ], [ -136.32, 59.6 ], [ -136.58, 59.15 ], [ -137.59, 59.23 ], [ -139.19, 60.08 ], [ -141.0, 60.3 ], [ -141.0, 62.05 ], [ -141.0, 64.39 ], [ -141.0, 64.98 ], [ -141.0, 65.27 ], [ -141.0, 65.56 ], [ -141.0, 67.61 ], [ -141.0, 68.19 ], [ -141.0, 68.48 ], [ -141.0, 68.77 ], [ -141.0, 69.07 ], [ -141.0, 69.65 ], [ -143.22, 70.12 ], [ -145.2, 70.01 ], [ -147.71, 70.22 ], [ -149.27, 70.5 ], [ -151.94, 70.45 ], [ -152.23, 70.81 ], [ -154.2, 70.8 ], [ -156.78, 71.32 ], [ -158.0, 70.85 ], [ -159.31, 70.88 ], [ -161.0, 70.3 ], [ -161.88, 70.33 ], [ -163.16, 69.39 ], [ -164.3, 68.94 ], [ -166.21, 68.89 ], [ -166.18, 68.8 ], [ -166.28, 68.57 ], [ -166.38, 68.43 ], [ -164.13, 67.61 ], [ -163.72, 67.2 ], [ -161.97, 67.05 ], [ -160.86, 66.67 ], [ -161.82, 66.05 ], [ -163.7, 66.08 ], [ -164.67, 66.56 ], [ -168.09, 65.66 ], [ -167.4, 65.42 ], [ -166.67, 65.34 ], [ -166.83, 65.1 ], [ -166.55, 64.95 ], [ -166.42, 64.93 ], [ -166.14, 64.58 ], [ -163.71, 64.59 ], [ -162.81, 64.37 ], [ -161.76, 64.82 ], [ -160.93, 64.58 ], [ -160.78, 63.82 ], [ -163.36, 63.05 ], [ -164.41, 63.22 ], [ -166.08, 61.8 ], [ -165.35, 60.54 ], [ -163.91, 59.81 ], [ -162.24, 60.18 ], [ -161.83, 59.59 ], [ -161.76, 58.61 ], [ -160.36, 59.05 ], [ -159.08, 58.47 ], [ -158.5, 58.85 ], [ -157.52, 58.42 ], [ -157.61, 57.6 ], [ -159.28, 56.69 ], [ -162.16, 55.72 ], [ -162.07, 55.14 ], [ -158.28, 56.2 ], [ -156.48, 57.11 ], [ -156.48, 57.33 ], [ -155.01, 58.02 ], [ -154.25, 58.16 ], [ -153.33, 58.86 ], [ -154.09, 59.36 ], [ -151.75, 60.75 ], [ -151.74, 59.19 ], [ -150.96, 59.24 ], [ -149.43, 60.0 ], [ -148.2, 60.17 ], [ -148.34, 60.85 ], [ -146.87, 61.0 ], [ -145.9, 60.48 ], [ -143.81, 60.01 ], [ -142.95, 60.1 ], [ -140.22, 59.73 ], [ -138.35, 59.09 ], [ -136.58, 58.25 ], [ -135.86, 58.58 ], [ -134.06, 58.21 ], [ -133.47, 57.17 ], [ -132.81, 57.04 ], [ -131.84, 56.16 ], [ -130.92, 55.74 ], [ -131.05, 55.16 ], [ -130.58, 54.77 ], [ -130.21, 55.03 ], [ -130.03, 55.89 ] ] ], [ [ [ -135.79, 58.27 ], [ -136.08, 57.67 ], [ -135.08, 57.51 ], [ -135.0, 58.05 ], [ -135.79, 58.27 ] ] ], [ [ [ -133.6, 56.32 ], [ -132.78, 55.05 ], [ -131.98, 55.21 ], [ -133.2, 56.32 ], [ -133.6, 56.32 ] ] ], [ [ [ -155.54, 19.11 ], [ -154.8, 19.52 ], [ -155.2, 19.99 ], [ -155.83, 20.28 ], [ -156.05, 19.75 ], [ -155.88, 19.07 ], [ -155.54, 19.11 ] ] ], [ [ [ -74.71, 45.0 ], [ -75.18, 44.9 ], [ -76.46, 44.06 ], [ -76.82, 43.63 ], [ -78.72, 43.62 ], [ -79.17, 43.47 ], [ -79.04, 42.8 ], [ -80.25, 42.37 ], [ -81.28, 42.21 ], [ -82.44, 41.67 ], [ -83.14, 41.98 ], [ -82.55, 42.62 ], [ -82.14, 43.57 ], [ -82.55, 45.35 ], [ -84.56, 46.46 ], [ -84.88, 46.9 ], [ -88.38, 48.3 ], [ -89.46, 48.0 ], [ -90.84, 48.2 ], [ -91.52, 48.06 ], [ -93.0, 48.61 ], [ -93.71, 48.53 ], [ -95.16, 48.99 ], [ -99.24, 48.99 ], [ -104.35, 48.99 ], [ -107.76, 48.99 ], [ -112.45, 48.99 ], [ -115.01, 48.99 ], [ -119.7, 48.99 ], [ -122.79, 48.99 ], [ -122.24, 48.01 ], [ -123.98, 48.17 ], [ -124.63, 48.38 ], [ -124.07, 46.74 ], [ -123.93, 45.58 ], [ -124.15, 43.69 ], [ -124.54, 42.81 ], [ -124.07, 41.38 ], [ -124.37, 40.49 ], [ -123.88, 39.86 ], [ -123.7, 38.91 ], [ -122.47, 37.84 ], [ -122.39, 37.21 ], [ -121.79, 36.73 ], [ -121.88, 36.33 ], [ -120.63, 35.08 ], [ -120.48, 34.47 ], [ -119.61, 34.42 ], [ -118.51, 34.02 ], [ -117.47, 33.3 ], [ -117.13, 32.53 ], [ -114.72, 32.72 ], [ -114.84, 32.51 ], [ -111.04, 31.32 ], [ -108.21, 31.33 ], [ -108.21, 31.78 ], [ -106.45, 31.77 ], [ -104.98, 30.65 ], [ -104.4, 29.57 ], [ -103.26, 29.0 ], [ -102.73, 29.64 ], [ -102.27, 29.87 ], [ -101.44, 29.78 ], [ -100.66, 29.07 ], [ -100.3, 28.33 ], [ -99.51, 27.55 ], [ -99.11, 26.45 ], [ -97.36, 25.87 ], [ -97.15, 25.96 ], [ -97.55, 26.97 ], [ -97.16, 28.14 ], [ -96.45, 28.59 ], [ -95.85, 28.64 ], [ -94.89, 29.37 ], [ -93.69, 29.77 ], [ -92.26, 29.56 ], [ -91.89, 29.84 ], [ -90.75, 29.13 ], [ -90.1, 29.18 ], [ -89.59, 30.17 ], [ -88.91, 30.42 ], [ -87.79, 30.29 ], [ -86.26, 30.49 ], [ -85.35, 29.88 ], [ -83.69, 29.93 ], [ -82.65, 28.89 ], [ -82.84, 27.85 ], [ -82.44, 27.06 ], [ -81.36, 25.83 ], [ -81.1, 25.32 ], [ -80.37, 25.33 ], [ -80.04, 26.57 ], [ -80.65, 28.18 ], [ -80.52, 28.49 ], [ -81.25, 29.79 ], [ -81.52, 30.87 ], [ -80.85, 32.11 ], [ -79.28, 33.14 ], [ -78.58, 33.87 ], [ -78.01, 33.91 ], [ -77.75, 34.28 ], [ -75.77, 35.65 ], [ -76.48, 36.03 ], [ -75.89, 36.66 ], [ -76.26, 37.36 ], [ -76.26, 37.89 ], [ -75.66, 37.95 ], [ -75.04, 38.5 ], [ -75.39, 39.09 ], [ -74.43, 39.39 ], [ -73.96, 40.33 ], [ -74.23, 40.61 ], [ -72.85, 41.27 ], [ -71.52, 41.38 ], [ -71.43, 41.63 ], [ -70.4, 41.63 ], [ -71.05, 42.33 ], [ -70.18, 43.77 ], [ -69.79, 43.81 ], [ -68.28, 44.51 ], [ -67.11, 44.89 ], [ -67.12, 45.17 ], [ -67.78, 45.7 ], [ -67.81, 47.08 ], [ -69.24, 47.46 ], [ -70.01, 46.71 ], [ -70.3, 45.91 ], [ -70.9, 45.26 ], [ -71.52, 45.01 ], [ -74.71, 45.0 ] ] ] ] } },
{ "type": "Feature", "properties": { "ISO3": "SGS", "name": "S. Geo. and the Is." }, "geometry": { "type": "Polygon", "coordinates": [ [ [ -37.23, -54.06 ], [ -36.09, -54.87 ], [ -35.8, -54.76 ], [ -36.33, -54.25 ], [ -37.23, -54.06 ] ] ] } },
{ "type": "Feature", "properties": { "ISO3": "IOT", "name": "Br. Indian Ocean Ter." }, "geometry": { "type": "Polygon", "coordinates": [ [ [ 72.5, -7.29 ], [ 72.47, -7.31 ], [ 72.47, -7.37 ], [ 72.49, -7.38 ], [ 72.5, -7.29 ] ] ] } },
{ "type": "Feature", "properties": { "ISO3": "SHN", "name": "Saint Helena" }, "geometry": { "type": "Polygon", "coordinates": [ [ [ -5.66, -15.97 ], [ -5.71, -15.91 ], [ -5.78, -15.96 ], [ -5.78, -16.0 ], [ -5.66, -15.97 ] ] ] } },
{ "type": "Feature", "properties": { "ISO3": "PCN", "name": "Pitcairn Is." }, "geometry": { "type": "Polygon", "coordinates": [ [ [ -128.29, -24.36 ], [ -128.3, -24.33 ], [ -128.35, -24.34 ], [ -128.32, -24.4 ], [ -128.29, -24.36 ] ] ] } },
{ "type": "Feature", "properties": { "ISO3": "AIA", "name": "Anguilla" }, "geometry": { "type": "Polygon", "coordinates": [ [ [ -62.98, 18.26 ], [ -63.03, 18.27 ], [ -63.15, 18.2 ], [ -63.0, 18.22 ], [ -62.98, 18.26 ] ] ] } },
{ "type": "Feature", "properties": { "ISO3": "FLK", "name": "Falkland Is." }, "geometry": { "type": "MultiPolygon", "coordinates": [ [ [ [ -58.92, -51.27 ], [ -59.07, -52.17 ], [ -57.84, -51.71 ], [ -57.98, -51.38 ], [ -58.92, -51.27 ] ] ], [ [ [ -60.45, -51.4 ], [ -59.92, -51.97 ], [ -59.27, -51.43 ], [ -60.45, -51.4 ] ] ] ] } },
{ "type": "Feature", "properties": { "ISO3": "CYM", "name": "Cayman Is." }, "geometry": { "type": "Polygon", "coordinates": [ [ [ -81.39, 19.38 ], [ -81.3, 19.27 ], [ -81.13, 19.35 ], [ -81.39, 19.38 ] ] ] } },
{ "type": "Feature", "properties": { "ISO3": "BMU", "name": "Bermuda" }, "geometry": { "type": "Polygon", "coordinates": [ [ [ -64.67, 32.38 ], [ -64.69, 32.39 ], [ -64.82, 32.26 ], [ -64.73, 32.29 ], [ -64.67, 32.38 ] ] ] } },
{ "type": "Feature", "properties": { "ISO3": "VGB", "name": "British Virgin Is." }, "geometry": { "type": "Polygon", "coordinates": [ [ [ -64.32, 18.52 ], [ -64.43, 18.51 ], [ -64.4, 18.46 ], [ -64.32, 18.52 ] ] ] } },
{ "type": "Feature", "properties": { "ISO3": "TCA", "name": "Turks and Caicos Is." }, "geometry": { "type": "Polygon", "coordinates": [ [ [ -71.64, 21.79 ], [ -71.81, 21.85 ], [ -71.83, 21.79 ], [ -71.64, 21.79 ] ] ] } },
{ "type": "Feature", "properties": { "ISO3": "MSR", "name": "Montserrat" }, "geometry": { "type": "Polygon", "coordinates": [ [ [ -62.18, 16.81 ], [ -62.22, 16.7 ], [ -62.15, 16.68 ], [ -62.18, 16.81 ] ] ] } },
{ "type": "Feature", "properties": { "ISO3": "JEY", "name": "Jersey" }, "geometry": { "type": "Polygon", "coordinates": [ [ [ -2.08, 49.26 ], [ -2.22, 49.27 ], [ -2.24, 49.18 ], [ -2.01, 49.18 ], [ -2.08, 49.26 ] ] ] } },
{ "type": "Feature", "properties": { "ISO3": "GGY", "name": "Guernsey" }, "geometry": { "type": "Polygon", "coordinates": [ [ [ -2.52, 49.51 ], [ -2.65, 49.47 ], [ -2.55, 49.43 ], [ -2.52, 49.51 ] ] ] } },
{ "type": "Feature", "properties": { "ISO3": "IMN", "name": "Isle of Man" }, "geometry": { "type": "Polygon", "coordinates": [ [ [ -4.39, 54.23 ], [ -4.51, 54.38 ], [ -4.75, 54.12 ], [ -4.61, 54.06 ], [ -4.39, 54.23 ] ] ] } },
{ "type": "Feature", "properties": { "ISO3": "GBR", "name": "United Kingdom" }, "geometry": { "type": "MultiPolygon", "coordinates": [ [ [ [ -2.54, 51.7 ], [ -3.14, 51.21 ], [ -4.19, 51.19 ], [ -5.34, 50.25 ], [ -3.4, 50.63 ], [ 0.21, 50.76 ], [ 0.96, 50.93 ], [ 0.69, 51.39 ], [ 1.56, 52.09 ], [ 1.66, 52.75 ], [ 0.56, 52.97 ], [ -0.67, 54.5 ], [ -1.29, 54.77 ], [ -1.66, 55.57 ], [ -2.65, 56.32 ], [ -1.78, 57.49 ], [ -3.4, 57.71 ], [ -3.99, 57.96 ], [ -3.05, 58.63 ], [ -4.72, 58.51 ], [ -5.34, 58.24 ], [ -5.82, 57.44 ], [ -5.94, 56.61 ], [ -5.61, 56.06 ], [ -4.72, 55.42 ], [ -5.14, 54.86 ], [ -3.96, 54.78 ], [ -2.93, 53.73 ], [ -3.06, 53.43 ], [ -4.11, 53.22 ], [ -3.98, 52.54 ], [ -5.09, 52.0 ], [ -3.29, 51.39 ], [ -2.54, 51.7 ] ] ], [ [ [ -6.22, 54.09 ], [ -5.47, 54.5 ], [ -6.13, 55.22 ], [ -7.22, 55.09 ], [ -8.12, 54.41 ], [ -7.36, 54.12 ], [ -6.22, 54.09 ] ] ] ] } },
{ "type": "Feature", "properties": { "ISO3": "ARE", "name": "United Arab Emirates" }, "geometry": { "type": "Polygon", "coordinates": [ [ [ 56.3, 25.65 ], [ 56.08, 26.06 ], [ 55.94, 25.79 ], [ 54.75, 24.81 ], [ 54.4, 24.28 ], [ 53.89, 24.08 ], [ 52.65, 24.15 ], [ 51.91, 23.99 ], [ 51.57, 24.29 ], [ 51.59, 24.08 ], [ 52.56, 22.93 ], [ 55.1, 22.62 ], [ 55.19, 22.7 ], [ 55.2, 23.03 ], [ 56.06, 24.74 ], [ 56.39, 24.98 ], [ 56.3, 25.65 ] ] ] } },
{ "type": "Feature", "properties": { "ISO3": "UKR", "name": "Ukraine" }, "geometry": { "type": "Polygon", "coordinates": [ [ [ 38.21, 47.09 ], [ 38.29, 47.56 ], [ 38.9, 47.86 ], [ 39.74, 47.84 ], [ 39.96, 48.24 ], [ 39.69, 49.01 ], [ 39.78, 49.57 ], [ 37.42, 50.41 ], [ 36.62, 50.21 ], [ 35.41, 50.54 ], [ 35.31, 51.04 ], [ 34.28, 51.31 ], [ 34.4, 51.78 ], [ 33.74, 52.34 ], [ 31.76, 52.1 ], [ 30.98, 52.05 ], [ 30.53, 51.6 ], [ 29.35, 51.38 ], [ 27.27, 51.61 ], [ 25.93, 51.91 ], [ 24.36, 51.87 ], [ 23.61, 51.52 ], [ 24.11, 50.84 ], [ 22.65, 49.54 ], [ 22.54, 49.07 ], [ 22.13, 48.41 ], [ 22.88, 47.95 ], [ 23.2, 48.08 ], [ 24.89, 47.72 ], [ 26.16, 47.99 ], [ 26.62, 48.26 ], [ 27.55, 48.48 ], [ 29.19, 47.88 ], [ 29.16, 47.46 ], [ 29.88, 46.83 ], [ 29.15, 46.53 ], [ 28.95, 46.05 ], [ 28.21, 45.45 ], [ 28.76, 45.23 ], [ 29.71, 45.26 ], [ 29.6, 45.68 ], [ 30.22, 45.87 ], [ 30.8, 46.55 ], [ 31.97, 46.71 ], [ 32.48, 46.08 ], [ 33.59, 46.1 ], [ 34.69, 45.98 ], [ 35.0, 45.73 ], [ 34.85, 46.19 ], [ 35.83, 46.62 ], [ 38.21, 47.09 ] ] ] } },
{ "type": "Feature", "properties": { "ISO3": "UGA", "name": "Uganda" }, "geometry": { "type": "Polygon", "coordinates": [ [ [ 33.9, -1.0 ], [ 33.94, 0.17 ], [ 34.48, 1.04 ], [ 34.79, 1.23 ], [ 34.96, 2.06 ], [ 34.39, 3.69 ], [ 33.98, 4.22 ], [ 33.49, 3.76 ], [ 32.84, 3.8 ], [ 32.1, 3.53 ], [ 31.8, 3.8 ], [ 31.15, 3.79 ], [ 30.84, 3.49 ], [ 30.73, 2.46 ], [ 31.25, 2.04 ], [ 29.94, 0.82 ], [ 29.72, 0.1 ], [ 29.58, -1.39 ], [ 30.1, -1.37 ], [ 30.51, -1.07 ], [ 30.84, -1.0 ], [ 33.9, -1.0 ] ] ] } },
{ "type": "Feature", "properties": { "ISO3": "TKM", "name": "Turkmenistan" }, "geometry": { "type": "Polygon", "coordinates": [ [ [ 55.98, 41.32 ], [ 55.55, 41.26 ], [ 54.9, 41.92 ], [ 54.12, 42.34 ], [ 53.25, 42.21 ], [ 52.49, 41.78 ], [ 53.85, 42.09 ], [ 54.09, 41.52 ], [ 54.71, 40.89 ], [ 53.87, 40.65 ], [ 53.15, 40.82 ], [ 52.73, 40.4 ], [ 53.47, 39.67 ], [ 53.12, 39.43 ], [ 53.87, 38.95 ], [ 53.91, 37.34 ], [ 54.75, 37.5 ], [ 55.08, 37.9 ], [ 56.44, 38.25 ], [ 59.24, 37.52 ], [ 60.34, 36.64 ], [ 61.12, 36.64 ], [ 61.26, 35.62 ], [ 62.61, 35.23 ], [ 63.11, 35.82 ], [ 64.51, 36.34 ], [ 64.82, 37.13 ], [ 65.55, 37.25 ], [ 65.77, 37.57 ], [ 66.52, 37.35 ], [ 66.63, 37.93 ], [ 65.61, 38.24 ], [ 64.16, 38.95 ], [ 62.65, 39.86 ], [ 61.95, 41.03 ], [ 60.45, 41.22 ], [ 60.11, 41.91 ], [ 58.59, 42.78 ], [ 57.81, 42.19 ], [ 56.96, 41.86 ], [ 57.02, 41.26 ], [ 55.98, 41.32 ] ] ] } },
{ "type": "Feature", "properties": { "ISO3": "TUR", "name": "Turkey" }, "geometry": { "type": "MultiPolygon", "coordinates": [ [ [ [ 41.51, 41.52 ], [ 40.27, 40.96 ], [ 39.43, 41.11 ], [ 38.38, 40.92 ], [ 36.51, 41.26 ], [ 36.05, 41.68 ], [ 34.75, 41.96 ], [ 33.38, 42.02 ], [ 32.31, 41.73 ], [ 31.25, 41.11 ], [ 29.32, 41.23 ], [ 29.36, 40.81 ], [ 28.29, 40.4 ], [ 26.74, 40.4 ], [ 26.18, 39.99 ], [ 26.11, 39.47 ], [ 27.01, 38.89 ], [ 26.68, 38.2 ], [ 27.35, 37.02 ], [ 28.13, 37.03 ], [ 29.04, 36.69 ], [ 29.69, 36.16 ], [ 30.48, 36.31 ], [ 30.64, 36.87 ], [ 31.35, 36.8 ], [ 32.79, 36.04 ], [ 33.69, 36.18 ], [ 34.6, 36.78 ], [ 35.54, 36.6 ], [ 35.89, 35.92 ], [ 36.66, 36.8 ], [ 37.44, 36.64 ], [ 38.19, 36.9 ], [ 39.36, 36.68 ], [ 40.71, 37.1 ], [ 42.36, 37.11 ], [ 42.77, 37.37 ], [ 44.77, 37.14 ], [ 44.02, 39.38 ], [ 44.82, 39.65 ], [ 44.77, 39.7 ], [ 43.79, 40.07 ], [ 43.44, 41.11 ], [ 42.79, 41.56 ], [ 41.51, 41.52 ] ] ], [ [ [ 28.01, 41.97 ], [ 27.29, 42.08 ], [ 26.32, 41.72 ], [ 26.62, 41.4 ], [ 26.04, 40.73 ], [ 27.26, 40.69 ], [ 27.5, 40.97 ], [ 28.78, 40.97 ], [ 28.01, 41.97 ] ] ] ] } },
{ "type": "Feature", "properties": { "ISO3": "TUN", "name": "Tunisia" }, "geometry": { "type": "Polygon", "coordinates": [ [ [ 11.5, 33.18 ], [ 10.16, 33.85 ], [ 10.2, 34.35 ], [ 11.12, 35.24 ], [ 10.59, 35.89 ], [ 10.57, 36.88 ], [ 9.69, 37.34 ], [ 8.58, 36.94 ], [ 8.23, 36.55 ], [ 8.39, 35.2 ], [ 8.25, 34.73 ], [ 7.51, 34.08 ], [ 7.76, 33.23 ], [ 8.33, 32.54 ], [ 9.04, 32.07 ], [ 9.52, 30.23 ], [ 10.22, 30.78 ], [ 10.11, 31.46 ], [ 10.83, 32.08 ], [ 11.5, 32.41 ], [ 11.5, 33.18 ] ] ] } },
{ "type": "Feature", "properties": { "ISO3": "TTO", "name": "Trinidad and Tobago" }, "geometry": { "type": "Polygon", "coordinates": [ [ [ -61.0, 10.17 ], [ -61.46, 10.54 ], [ -61.6, 10.06 ], [ -61.0, 10.17 ] ] ] } },
{ "type": "Feature", "properties": { "ISO3": "TON", "name": "Tonga" }, "geometry": { "type": "Polygon", "coordinates": [ [ [ -175.2, -21.16 ], [ -175.16, -21.26 ], [ -175.08, -21.16 ], [ -175.2, -21.16 ] ] ] } },
{ "type": "Feature", "properties": { "ISO3": "TGO", "name": "Togo" }, "geometry": { "type": "Polygon", "coordinates": [ [ [ 0.9, 10.99 ], [ -0.07, 11.12 ], [ -0.06, 10.63 ], [ 0.36, 10.24 ], [ 0.26, 9.5 ], [ 0.53, 9.36 ], [ 0.42, 8.65 ], [ 0.63, 7.35 ], [ 0.53, 6.85 ], [ 1.19, 6.09 ], [ 1.62, 6.22 ], [ 1.6, 9.05 ], [ 1.33, 10.0 ], [ 0.78, 10.36 ], [ 0.9, 10.99 ] ] ] } },
{ "type": "Feature", "properties": { "ISO3": "TLS", "name": "Timor-Leste" }, "geometry": { "type": "Polygon", "coordinates": [ [ [ 125.07, -9.51 ], [ 125.41, -9.28 ], [ 126.92, -8.72 ], [ 126.62, -8.46 ], [ 125.18, -8.65 ], [ 124.92, -8.94 ], [ 125.07, -9.51 ] ] ] } },
{ "type": "Feature", "properties": { "ISO3": "THA", "name": "Thailand" }, "geometry": { "type": "Polygon", "coordinates": [ [ [ 100.12, 20.32 ], [ 99.89, 20.42 ], [ 98.92, 19.77 ], [ 97.82, 19.46 ], [ 97.75, 18.62 ], [ 97.48, 18.49 ], [ 97.79, 17.68 ], [ 98.44, 16.98 ], [ 98.69, 16.31 ], [ 98.57, 15.4 ], [ 98.25, 14.81 ], [ 99.14, 13.72 ], [ 99.22, 12.74 ], [ 99.61, 11.78 ], [ 98.76, 10.66 ], [ 98.7, 10.19 ], [ 98.37, 9.29 ], [ 98.24, 8.42 ], [ 98.58, 8.34 ], [ 99.72, 7.11 ], [ 100.12, 6.44 ], [ 101.05, 6.24 ], [ 101.26, 5.79 ], [ 101.87, 5.83 ], [ 102.1, 6.24 ], [ 101.5, 6.87 ], [ 101.02, 6.86 ], [ 100.59, 7.18 ], [ 100.28, 8.27 ], [ 99.72, 9.31 ], [ 99.16, 9.73 ], [ 99.17, 10.32 ], [ 99.99, 12.17 ], [ 100.02, 13.35 ], [ 100.96, 13.43 ], [ 100.86, 12.71 ], [ 101.72, 12.69 ], [ 102.76, 12.01 ], [ 102.93, 11.71 ], [ 102.5, 12.67 ], [ 102.32, 13.54 ], [ 103.2, 14.33 ], [ 104.78, 14.43 ], [ 105.18, 14.35 ], [ 105.48, 14.53 ], [ 105.62, 15.7 ], [ 105.05, 16.16 ], [ 104.75, 16.65 ], [ 104.82, 17.3 ], [ 103.95, 18.32 ], [ 103.37, 18.42 ], [ 102.72, 17.89 ], [ 102.1, 18.21 ], [ 101.11, 17.48 ], [ 101.05, 18.41 ], [ 101.29, 18.98 ], [ 101.15, 19.58 ], [ 100.63, 19.5 ], [ 100.54, 20.09 ], [ 100.12, 20.32 ] ] ] } },
{ "type": "Feature", "properties": { "ISO3": "TZA", "name": "Tanzania" }, "geometry": { "type": "Polygon", "coordinates": [ [ [ 32.92, -9.41 ], [ 34.32, -9.73 ], [ 34.52, -10.03 ], [ 34.6, -11.04 ], [ 34.96, -11.58 ], [ 35.79, -11.45 ], [ 36.52, -11.72 ], [ 37.54, -11.68 ], [ 37.92, -11.29 ], [ 38.49, -11.41 ], [ 39.99, -10.82 ], [ 40.46, -10.46 ], [ 39.78, -9.91 ], [ 39.3, -8.44 ], [ 39.29, -7.52 ], [ 39.47, -6.88 ], [ 38.87, -6.33 ], [ 38.82, -5.88 ], [ 39.22, -4.69 ], [ 37.8, -3.67 ], [ 37.64, -3.05 ], [ 35.84, -2.04 ], [ 33.9, -1.0 ], [ 30.84, -1.0 ], [ 30.51, -1.07 ], [ 30.81, -1.56 ], [ 30.83, -2.34 ], [ 30.55, -2.4 ], [ 30.52, -2.92 ], [ 30.79, -3.27 ], [ 30.15, -4.09 ], [ 29.4, -4.45 ], [ 29.34, -4.98 ], [ 29.59, -5.65 ], [ 29.48, -6.02 ], [ 29.71, -6.62 ], [ 30.31, -7.2 ], [ 30.75, -8.19 ], [ 31.94, -9.05 ], [ 32.92, -9.41 ] ] ] } },
{ "type": "Feature", "properties": { "ISO3": "TJK", "name": "Tajikistan" }, "geometry": { "type": "Polygon", "coordinates": [ [ [ 67.76, 37.17 ], [ 68.07, 36.95 ], [ 70.21, 37.92 ], [ 70.88, 38.46 ], [ 71.55, 37.93 ], [ 71.43, 37.13 ], [ 71.8, 36.69 ], [ 73.48, 37.47 ], [ 74.89, 37.23 ], [ 74.75, 38.51 ], [ 73.8, 38.61 ], [ 73.63, 39.45 ], [ 72.04, 39.35 ], [ 71.4, 39.6 ], [ 69.6, 39.57 ], [ 69.97, 40.2 ], [ 70.96, 40.24 ], [ 70.44, 41.02 ], [ 69.21, 40.57 ], [ 68.65, 40.18 ], [ 68.46, 39.54 ], [ 67.72, 39.62 ], [ 67.35, 39.24 ], [ 68.05, 38.67 ], [ 68.29, 38.03 ], [ 67.76, 37.17 ] ] ] } },
{ "type": "Feature", "properties": { "ISO3": "TWN", "name": "Taiwan" }, "geometry": { "type": "Polygon", "coordinates": [ [ [ 121.16, 22.78 ], [ 121.4, 23.17 ], [ 121.93, 24.97 ], [ 121.59, 25.28 ], [ 121.04, 25.03 ], [ 120.16, 23.71 ], [ 120.07, 23.15 ], [ 120.69, 22.03 ], [ 121.16, 22.78 ] ] ] } },
{ "type": "Feature", "properties": { "ISO3": "SYR", "name": "Syria" }, "geometry": { "type": "Polygon", "coordinates": [ [ [ 35.89, 35.92 ], [ 35.76, 35.57 ], [ 35.98, 34.63 ], [ 36.58, 34.22 ], [ 35.87, 33.43 ], [ 35.82, 33.36 ], [ 35.79, 32.73 ], [ 36.82, 32.32 ], [ 38.77, 33.37 ], [ 40.69, 34.33 ], [ 41.19, 34.77 ], [ 41.42, 36.51 ], [ 42.36, 37.11 ], [ 40.71, 37.1 ], [ 39.36, 36.68 ], [ 38.19, 36.9 ], [ 37.44, 36.64 ], [ 36.66, 36.8 ], [ 35.89, 35.92 ] ] ] } },
{ "type": "Feature", "properties": { "ISO3": "CHE", "name": "Switzerland" }, "geometry": { "type": "Polygon", "coordinates": [ [ [ 9.52, 47.52 ], [ 8.62, 47.77 ], [ 7.62, 47.59 ], [ 7.0, 47.32 ], [ 6.06, 46.43 ], [ 6.76, 46.42 ], [ 7.02, 45.93 ], [ 8.46, 46.25 ], [ 9.94, 46.36 ], [ 10.45, 46.86 ], [ 9.58, 47.06 ], [ 9.49, 47.06 ], [ 9.53, 47.27 ], [ 9.52, 47.52 ] ] ] } },
{ "type": "Feature", "properties": { "ISO3": "SWE", "name": "Sweden" }, "geometry": { "type": "Polygon", "coordinates": [ [ [ 11.39, 59.04 ], [ 11.45, 58.12 ], [ 12.42, 56.91 ], [ 12.88, 56.62 ], [ 12.59, 56.14 ], [ 13.32, 55.35 ], [ 14.34, 55.53 ], [ 14.78, 56.16 ], [ 16.0, 56.22 ], [ 16.53, 57.07 ], [ 16.65, 58.43 ], [ 18.29, 59.11 ], [ 18.97, 59.76 ], [ 17.96, 60.59 ], [ 17.25, 60.7 ], [ 17.13, 61.58 ], [ 17.9, 62.83 ], [ 20.76, 63.87 ], [ 21.47, 64.38 ], [ 21.14, 64.81 ], [ 21.2, 64.88 ], [ 21.42, 65.01 ], [ 21.57, 65.13 ], [ 21.57, 65.41 ], [ 24.16, 65.81 ], [ 23.99, 66.81 ], [ 23.47, 67.45 ], [ 23.64, 67.95 ], [ 22.78, 68.39 ], [ 22.0, 68.52 ], [ 21.47, 68.69 ], [ 21.18, 68.83 ], [ 20.92, 68.91 ], [ 20.9, 68.98 ], [ 20.62, 69.04 ], [ 20.34, 68.9 ], [ 20.35, 68.85 ], [ 20.32, 68.75 ], [ 19.97, 68.54 ], [ 19.97, 68.36 ], [ 18.38, 68.56 ], [ 16.13, 67.43 ], [ 16.4, 67.05 ], [ 14.54, 66.13 ], [ 14.48, 65.3 ], [ 14.35, 65.17 ], [ 14.12, 64.95 ], [ 13.65, 64.58 ], [ 13.96, 64.01 ], [ 12.66, 63.94 ], [ 12.0, 63.29 ], [ 12.3, 62.29 ], [ 12.16, 61.72 ], [ 12.88, 61.35 ], [ 12.29, 61.0 ], [ 12.49, 60.11 ], [ 11.68, 59.59 ], [ 11.39, 59.04 ] ] ] } },
{ "type": "Feature", "properties": { "ISO3": "SWZ", "name": "eSwatini" }, "geometry": { "type": "Polygon", "coordinates": [ [ [ 31.95, -25.96 ], [ 31.42, -25.75 ], [ 30.8, -26.41 ], [ 31.06, -27.11 ], [ 31.96, -27.31 ], [ 32.11, -26.84 ], [ 31.95, -25.96 ] ] ] } },
{ "type": "Feature", "properties": { "ISO3": "SUR", "name": "Suriname" }, "geometry": { "type": "Polygon", "coordinates": [ [ [ -54.16, 5.36 ], [ -54.05, 5.81 ], [ -54.83, 5.99 ], [ -55.83, 5.96 ], [ -55.94, 5.8 ], [ -56.97, 5.99 ], [ -57.19, 5.55 ], [ -57.33, 5.02 ], [ -57.71, 4.99 ], [ -58.05, 4.17 ], [ -56.7, 2.04 ], [ -56.48, 1.94 ], [ -56.13, 2.3 ], [ -55.01, 2.59 ], [ -54.62, 2.33 ], [ -54.2, 2.82 ], [ -53.99, 3.59 ], [ -54.35, 4.05 ], [ -54.45, 5.01 ], [ -54.16, 5.36 ] ] ] } },
{ "type": "Feature", "properties": { "ISO3": "SSD", "name": "S. Sudan" }, "geometry": { "type": "Polygon", "coordinates": [ [ [ 33.98, 4.22 ], [ 35.27, 5.49 ], [ 34.71, 6.66 ], [ 33.67, 7.67 ], [ 33.01, 7.95 ], [ 33.23, 8.4 ], [ 34.09, 8.58 ], [ 34.08, 9.46 ], [ 33.89, 10.2 ], [ 33.17, 10.85 ], [ 33.07, 11.59 ], [ 33.2, 12.22 ], [ 32.34, 11.72 ], [ 32.4, 11.06 ], [ 31.22, 9.8 ], [ 30.74, 9.74 ], [ 30.0, 10.28 ], [ 28.84, 9.33 ], [ 28.05, 9.33 ], [ 27.89, 9.6 ], [ 26.55, 9.53 ], [ 25.8, 10.42 ], [ 25.07, 10.29 ], [ 24.53, 8.89 ], [ 24.15, 8.67 ], [ 24.29, 8.29 ], [ 24.85, 8.14 ], [ 25.38, 7.33 ], [ 26.36, 6.64 ], [ 26.51, 6.07 ], [ 27.08, 5.78 ], [ 27.4, 5.11 ], [ 28.19, 4.35 ], [ 29.15, 4.39 ], [ 29.68, 4.59 ], [ 30.19, 3.98 ], [ 30.84, 3.49 ], [ 31.15, 3.79 ], [ 31.8, 3.8 ], [ 32.1, 3.53 ], [ 32.84, 3.8 ], [ 33.49, 3.76 ], [ 33.98, 4.22 ] ] ] } },
{ "type": "Feature", "properties": { "ISO3": "SDN", "name": "Sudan" }, "geometry": { "type": "Polygon", "coordinates": [ [ [ 34.08, 9.46 ], [ 34.28, 10.53 ], [ 34.93, 10.86 ], [ 35.11, 11.82 ], [ 35.6, 12.54 ], [ 36.11, 12.73 ], [ 36.52, 14.26 ], [ 36.43, 15.13 ], [ 36.91, 16.3 ], [ 37.01, 17.06 ], [ 37.41, 17.06 ], [ 38.25, 17.58 ], [ 38.61, 18.01 ], [ 37.47, 18.82 ], [ 37.25, 19.58 ], [ 37.15, 21.1 ], [ 36.87, 22.0 ], [ 33.92, 22.0 ], [ 31.43, 22.0 ], [ 28.04, 22.0 ], [ 24.98, 22.0 ], [ 24.98, 20.0 ], [ 23.98, 20.0 ], [ 23.98, 19.5 ], [ 23.98, 15.78 ], [ 23.11, 15.7 ], [ 22.51, 14.13 ], [ 22.11, 13.73 ], [ 22.23, 13.33 ], [ 21.83, 12.79 ], [ 22.35, 12.66 ], [ 22.56, 11.67 ], [ 22.92, 11.34 ], [ 22.86, 10.92 ], [ 23.65, 9.82 ], [ 23.54, 8.82 ], [ 24.15, 8.67 ], [ 24.53, 8.89 ], [ 25.07, 10.29 ], [ 25.8, 10.42 ], [ 26.55, 9.53 ], [ 27.89, 9.6 ], [ 28.05, 9.33 ], [ 28.84, 9.33 ], [ 30.0, 10.28 ], [ 30.74, 9.74 ], [ 31.22, 9.8 ], [ 32.4, 11.06 ], [ 32.34, 11.72 ], [ 33.2, 12.22 ], [ 33.07, 11.59 ], [ 33.17, 10.85 ], [ 33.89, 10.2 ], [ 34.08, 9.46 ] ] ] } },
{ "type": "Feature", "properties": { "ISO3": "LKA", "name": "Sri Lanka" }, "geometry": { "type": "Polygon", "coordinates": [ [ [ 79.97, 9.79 ], [ 80.06, 9.1 ], [ 79.81, 8.05 ], [ 79.86, 6.83 ], [ 80.1, 6.15 ], [ 80.72, 5.98 ], [ 81.64, 6.43 ], [ 81.87, 7.29 ], [ 81.37, 8.43 ], [ 80.71, 9.37 ], [ 79.97, 9.79 ] ] ] } },
{ "type": "Feature", "properties": { "ISO3": "ESP", "name": "Spain" }, "geometry": { "type": "Polygon", "coordinates": [ [ [ -1.79, 43.41 ], [ -4.52, 43.42 ], [ -5.67, 43.58 ], [ -7.26, 43.59 ], [ -7.7, 43.76 ], [ -8.87, 43.33 ], [ -9.24, 42.98 ], [ -8.69, 42.27 ], [ -8.78, 41.94 ], [ -6.62, 41.94 ], [ -6.21, 41.53 ], [ -6.93, 41.01 ], [ -6.81, 40.34 ], [ -7.04, 39.71 ], [ -7.45, 39.54 ], [ -7.05, 38.91 ], [ -7.34, 38.46 ], [ -7.19, 38.01 ], [ -7.41, 37.18 ], [ -6.49, 36.95 ], [ -6.04, 36.19 ], [ -5.63, 36.03 ], [ -5.17, 36.42 ], [ -4.37, 36.72 ], [ -2.11, 36.78 ], [ -1.33, 37.56 ], [ -0.82, 37.58 ], [ -0.65, 38.15 ], [ 0.2, 38.76 ], [ -0.33, 39.52 ], [ 1.03, 41.06 ], [ 2.08, 41.29 ], [ 3.25, 41.94 ], [ 3.21, 42.43 ], [ 2.03, 42.35 ], [ 1.71, 42.5 ], [ 1.49, 42.43 ], [ 1.43, 42.6 ], [ -0.04, 42.69 ], [ -1.29, 43.06 ], [ -1.79, 43.41 ] ] ] } },
{ "type": "Feature", "properties": { "ISO3": "KOR", "name": "South Korea" }, "geometry": { "type": "Polygon", "coordinates": [ [ [ 126.63, 37.78 ], [ 126.75, 37.19 ], [ 126.22, 36.87 ], [ 126.72, 35.77 ], [ 126.29, 35.15 ], [ 126.51, 34.35 ], [ 127.71, 34.95 ], [ 129.21, 35.18 ], [ 129.56, 35.95 ], [ 129.34, 37.27 ], [ 128.37, 38.62 ], [ 128.04, 38.31 ], [ 127.17, 38.3 ], [ 126.63, 37.78 ] ] ] } },
{ "type": "Feature", "properties": { "ISO3": "ZAF", "name": "South Africa" }, "geometry": { "type": "Polygon", "coordinates": [ [ [ 29.36, -22.19 ], [ 28.21, -22.69 ], [ 27.15, -23.52 ], [ 26.84, -24.24 ], [ 25.91, -24.75 ], [ 25.58, -25.61 ], [ 24.75, -25.82 ], [ 23.27, -25.27 ], [ 22.88, -25.46 ], [ 22.64, -26.07 ], [ 21.65, -26.85 ], [ 20.74, -26.85 ], [ 20.79, -25.92 ], [ 20.35, -25.03 ], [ 19.98, -24.78 ], [ 19.98, -28.45 ], [ 19.03, -28.93 ], [ 17.45, -28.7 ], [ 17.06, -28.03 ], [ 16.45, -28.62 ], [ 16.95, -29.4 ], [ 17.68, -31.02 ], [ 18.21, -31.74 ], [ 18.25, -32.65 ], [ 17.88, -32.96 ], [ 18.81, -34.11 ], [ 19.63, -34.75 ], [ 20.53, -34.46 ], [ 21.79, -34.37 ], [ 22.25, -34.07 ], [ 23.59, -33.99 ], [ 24.83, -34.17 ], [ 26.43, -33.76 ], [ 27.86, -33.05 ], [ 28.86, -32.29 ], [ 30.29, -30.97 ], [ 31.34, -29.38 ], [ 32.29, -28.62 ], [ 32.53, -28.2 ], [ 32.89, -26.85 ], [ 32.11, -26.84 ], [ 31.96, -27.31 ], [ 31.06, -27.11 ], [ 30.8, -26.41 ], [ 31.42, -25.75 ], [ 31.95, -25.96 ], [ 31.99, -24.46 ], [ 31.55, -23.48 ], [ 31.29, -22.4 ], [ 29.66, -22.15 ], [ 29.36, -22.19 ] ], [ [ 28.65, -30.13 ], [ 28.02, -30.64 ], [ 27.39, -30.32 ], [ 27.05, -29.66 ], [ 27.74, -28.94 ], [ 28.63, -28.58 ], [ 29.39, -29.27 ], [ 29.1, -29.92 ], [ 28.65, -30.13 ] ] ] } },
{ "type": "Feature", "properties": { "ISO3": "SOM", "name": "Somalia" }, "geometry": { "type": "Polygon", "coordinates": [ [ [ 41.53, -1.7 ], [ 41.98, -0.97 ], [ 43.47, 0.62 ], [ 44.33, 1.39 ], [ 46.05, 2.48 ], [ 47.98, 4.5 ], [ 49.05, 6.17 ], [ 49.35, 6.99 ], [ 50.82, 9.43 ], [ 50.9, 10.25 ], [ 51.14, 10.66 ], [ 51.08, 11.34 ], [ 51.25, 11.83 ], [ 50.79, 11.98 ], [ 50.11, 11.53 ], [ 48.94, 11.26 ], [ 48.94, 9.45 ], [ 47.98, 8.0 ], [ 45.93, 6.0 ], [ 44.94, 4.91 ], [ 44.03, 4.95 ], [ 43.02, 4.56 ], [ 42.79, 4.29 ], [ 41.88, 3.98 ], [ 40.96, 2.81 ], [ 40.98, -0.87 ], [ 41.53, -1.7 ] ] ] } },
{ "type": "Feature", "properties": { "ISO3": "SOL", "name": "Somaliland" }, "geometry": { "type": "Polygon", "coordinates": [ [ [ 48.94, 11.26 ], [ 47.4, 11.17 ], [ 46.57, 10.75 ], [ 45.82, 10.84 ], [ 44.94, 10.44 ], [ 44.39, 10.43 ], [ 43.85, 10.78 ], [ 43.25, 11.5 ], [ 42.92, 11.0 ], [ 42.66, 10.62 ], [ 43.48, 9.38 ], [ 44.02, 8.99 ], [ 46.98, 8.0 ], [ 47.98, 8.0 ], [ 48.94, 9.45 ], [ 48.94, 11.26 ] ] ] } },
{ "type": "Feature", "properties": { "ISO3": "SLB", "name": "Solomon Is." }, "geometry": { "type": "Polygon", "coordinates": [ [ [ 159.85, -8.46 ], [ 159.11, -7.9 ], [ 158.94, -8.04 ], [ 159.85, -8.46 ] ] ] } },
{ "type": "Feature", "properties": { "ISO3": "SVK", "name": "Slovakia" }, "geometry": { "type": "Polygon", "coordinates": [ [ [ 22.54, 49.07 ], [ 21.64, 49.41 ], [ 19.8, 49.19 ], [ 18.83, 49.51 ], [ 17.76, 48.89 ], [ 16.95, 48.6 ], [ 17.15, 48.01 ], [ 17.76, 47.77 ], [ 19.9, 48.13 ], [ 20.49, 48.53 ], [ 22.13, 48.41 ], [ 22.54, 49.07 ] ] ] } },
{ "type": "Feature", "properties": { "ISO3": "SVN", "name": "Slovenia" }, "geometry": { "type": "Polygon", "coordinates": [ [ [ 16.52, 46.5 ], [ 16.09, 46.86 ], [ 14.5, 46.42 ], [ 13.7, 46.52 ], [ 13.4, 46.32 ], [ 13.72, 45.59 ], [ 13.58, 45.52 ], [ 15.34, 45.47 ], [ 15.64, 46.2 ], [ 16.52, 46.5 ] ] ] } },
{ "type": "Feature", "properties": { "ISO3": "SGP", "name": "Singapore" }, "geometry": { "type": "Polygon", "coordinates": [ [ [ 104.0, 1.37 ], [ 103.82, 1.45 ], [ 103.82, 1.27 ], [ 104.0, 1.37 ] ] ] } },
{ "type": "Feature", "properties": { "ISO3": "SLE", "name": "Sierra Leone" }, "geometry": { "type": "Polygon", "coordinates": [ [ [ -10.28, 8.49 ], [ -10.69, 9.31 ], [ -11.21, 9.98 ], [ -12.5, 9.86 ], [ -12.76, 9.37 ], [ -13.29, 9.05 ], [ -12.88, 7.86 ], [ -12.49, 7.39 ], [ -11.51, 6.91 ], [ -10.65, 7.76 ], [ -10.28, 8.49 ] ] ] } },
{ "type": "Feature", "properties": { "ISO3": "SYC", "name": "Seychelles" }, "geometry": { "type": "Polygon", "coordinates": [ [ [ 55.46, -4.56 ], [ 55.38, -4.61 ], [ 55.48, -4.69 ], [ 55.54, -4.69 ], [ 55.46, -4.56 ] ] ] } },
{ "type": "Feature", "properties": { "ISO3": "SRB", "name": "Serbia" }, "geometry": { "type": "Polygon", "coordinates": [ [ [ 22.71, 44.24 ], [ 21.38, 44.87 ], [ 20.24, 46.11 ], [ 18.91, 45.93 ], [ 19.01, 44.87 ], [ 19.15, 44.3 ], [ 19.58, 44.04 ], [ 19.19, 43.53 ], [ 20.34, 42.83 ], [ 21.06, 43.09 ], [ 21.75, 42.67 ], [ 21.56, 42.25 ], [ 22.34, 42.31 ], [ 22.71, 44.24 ] ] ] } },
{ "type": "Feature", "properties": { "ISO3": "SEN", "name": "Senegal" }, "geometry": { "type": "Polygon", "coordinates": [ [ [ -12.28, 14.81 ], [ -12.86, 15.24 ], [ -13.41, 16.06 ], [ -13.87, 16.15 ], [ -14.3, 16.58 ], [ -15.11, 16.64 ], [ -16.17, 16.55 ], [ -16.54, 15.84 ], [ -17.15, 14.92 ], [ -17.17, 14.64 ], [ -16.56, 13.59 ], [ -15.51, 13.59 ], [ -15.83, 13.16 ], [ -16.76, 13.06 ], [ -16.71, 12.35 ], [ -15.57, 12.49 ], [ -15.2, 12.68 ], [ -13.73, 12.67 ], [ -13.08, 12.63 ], [ -12.29, 12.33 ], [ -11.39, 12.4 ], [ -11.39, 12.94 ], [ -12.05, 13.63 ], [ -12.02, 14.21 ], [ -12.28, 14.81 ] ] ] } },
{ "type": "Feature", "properties": { "ISO3": "SAU", "name": "Saudi Arabia" }, "geometry": { "type": "Polygon", "coordinates": [ [ [ 51.98, 19.0 ], [ 54.98, 20.0 ], [ 55.64, 22.0 ], [ 55.19, 22.7 ], [ 55.1, 22.62 ], [ 52.56, 22.93 ], [ 51.59, 24.08 ], [ 51.57, 24.29 ], [ 51.27, 24.61 ], [ 50.8, 24.79 ], [ 50.03, 26.11 ], [ 49.99, 26.83 ], [ 48.91, 27.63 ], [ 48.44, 28.54 ], [ 47.67, 28.53 ], [ 47.43, 28.99 ], [ 46.53, 29.1 ], [ 44.69, 29.2 ], [ 42.07, 31.08 ], [ 40.37, 31.94 ], [ 39.15, 32.12 ], [ 38.96, 31.99 ], [ 36.96, 31.49 ], [ 37.98, 30.5 ], [ 37.47, 30.0 ], [ 36.76, 29.87 ], [ 36.02, 29.19 ], [ 34.95, 29.35 ], [ 34.62, 28.15 ], [ 35.18, 28.03 ], [ 37.15, 25.29 ], [ 37.18, 24.82 ], [ 37.54, 24.29 ], [ 38.46, 23.71 ], [ 39.1, 22.39 ], [ 39.09, 21.31 ], [ 39.61, 20.52 ], [ 40.76, 19.76 ], [ 41.23, 18.68 ], [ 41.75, 17.89 ], [ 42.29, 17.43 ], [ 42.8, 16.37 ], [ 43.17, 16.69 ], [ 43.19, 17.36 ], [ 45.15, 17.43 ], [ 46.68, 17.27 ], [ 46.98, 16.95 ], [ 47.44, 17.11 ], [ 48.17, 18.16 ], [ 49.04, 18.58 ], [ 51.98, 19.0 ] ] ] } },
{ "type": "Feature", "properties": { "ISO3": "STP", "name": "São Tomé and Principe" }, "geometry": { "type": "Polygon", "coordinates": [ [ [ 6.75, 0.24 ], [ 6.52, 0.34 ], [ 6.52, 0.07 ], [ 6.75, 0.24 ] ] ] } },
{ "type": "Feature", "properties": { "ISO3": "SMR", "name": "San Marino" }, "geometry": { "type": "Polygon", "coordinates": [ [ [ 12.51, 43.95 ], [ 12.44, 43.98 ], [ 12.4, 43.93 ], [ 12.49, 43.9 ], [ 12.51, 43.95 ] ] ] } },
{ "type": "Feature", "properties": { "ISO3": "WSM", "name": "Samoa" }, "geometry": { "type": "Polygon", "coordinates": [ [ [ -172.51, -13.48 ], [ -172.54, -13.79 ], [ -172.22, -13.8 ], [ -172.33, -13.47 ], [ -172.51, -13.48 ] ] ] } },
{ "type": "Feature", "properties": { "ISO3": "VCT", "name": "St. Vin. and Gren." }, "geometry": { "type": "Polygon", "coordinates": [ [ [ -61.13, 13.2 ], [ -61.18, 13.36 ], [ -61.27, 13.29 ], [ -61.13, 13.2 ] ] ] } },
{ "type": "Feature", "properties": { "ISO3": "LCA", "name": "Saint Lucia" }, "geometry": { "type": "Polygon", "coordinates": [ [ [ -60.89, 14.01 ], [ -61.06, 13.92 ], [ -60.9, 13.82 ], [ -60.89, 14.01 ] ] ] } },
{ "type": "Feature", "properties": { "ISO3": "KNA", "name": "St. Kitts and Nevis" }, "geometry": { "type": "Polygon", "coordinates": [ [ [ -62.64, 17.26 ], [ -62.79, 17.4 ], [ -62.84, 17.34 ], [ -62.64, 17.26 ] ] ] } },
{ "type": "Feature", "properties": { "ISO3": "RWA", "name": "Rwanda" }, "geometry": { "type": "Polygon", "coordinates": [ [ [ 29.58, -1.39 ], [ 29.13, -1.86 ], [ 29.01, -2.72 ], [ 29.87, -2.72 ], [ 29.93, -2.34 ], [ 30.55, -2.4 ], [ 30.83, -2.34 ], [ 30.81, -1.56 ], [ 30.51, -1.07 ], [ 30.1, -1.37 ], [ 29.58, -1.39 ] ] ] } },
{ "type": "Feature", "properties": { "ISO3": "RUS", "name": "Russia" }, "geometry": { "type": "MultiPolygon", "coordinates": [ [ [ [ 179.83, 65.03 ], [ 179.45, 64.82 ], [ 177.43, 64.44 ], [ 178.65, 63.97 ], [ 178.71, 63.52 ], [ 179.57, 62.69 ], [ 179.12, 62.32 ], [ 177.35, 62.59 ], [ 174.51, 61.82 ], [ 172.86, 61.47 ], [ 172.39, 61.06 ], [ 169.98, 60.07 ], [ 169.23, 60.6 ], [ 166.96, 60.31 ], [ 166.35, 60.48 ], [ 165.08, 60.1 ], [ 163.78, 60.04 ], [ 163.27, 59.3 ], [ 161.96, 58.08 ], [ 162.78, 57.36 ], [ 162.8, 56.81 ], [ 163.34, 56.23 ], [ 162.08, 56.09 ], [ 161.73, 55.36 ], [ 162.11, 54.75 ], [ 160.77, 54.54 ], [ 160.07, 54.19 ], [ 159.9, 53.38 ], [ 158.61, 52.87 ], [ 158.1, 51.81 ], [ 156.75, 50.97 ], [ 156.1, 53.01 ], [ 155.55, 55.35 ], [ 155.98, 56.7 ], [ 157.45, 57.8 ], [ 159.04, 58.42 ], [ 159.85, 59.13 ], [ 161.75, 60.15 ], [ 162.0, 60.42 ], [ 163.71, 60.92 ], [ 164.01, 61.34 ], [ 164.26, 62.7 ], [ 163.33, 62.55 ], [ 163.01, 61.79 ], [ 162.39, 61.66 ], [ 160.77, 60.75 ], [ 159.08, 61.92 ], [ 157.47, 61.8 ], [ 154.29, 59.83 ], [ 155.17, 59.36 ], [ 152.88, 58.94 ], [ 151.49, 59.52 ], [ 149.64, 59.77 ], [ 149.2, 59.49 ], [ 147.51, 59.27 ], [ 146.44, 59.43 ], [ 143.19, 59.37 ], [ 142.03, 59.0 ], [ 140.0, 57.69 ], [ 138.66, 56.97 ], [ 137.69, 56.14 ], [ 135.26, 54.94 ], [ 135.85, 54.58 ], [ 136.8, 54.62 ], [ 136.68, 53.93 ], [ 137.33, 53.54 ], [ 138.66, 53.74 ], [ 138.7, 54.32 ], [ 139.71, 54.28 ], [ 141.4, 53.18 ], [ 141.17, 52.37 ], [ 141.49, 52.18 ], [ 140.69, 51.23 ], [ 140.48, 50.55 ], [ 140.52, 49.6 ], [ 140.17, 48.52 ], [ 138.59, 47.06 ], [ 137.69, 45.82 ], [ 135.87, 44.37 ], [ 135.13, 43.53 ], [ 133.71, 42.83 ], [ 133.16, 42.7 ], [ 131.72, 43.2 ], [ 130.69, 42.3 ], [ 130.53, 42.54 ], [ 131.07, 42.9 ], [ 131.26, 43.43 ], [ 131.08, 44.91 ], [ 131.98, 45.24 ], [ 132.94, 45.03 ], [ 133.86, 46.25 ], [ 134.17, 47.3 ], [ 134.75, 47.72 ], [ 134.29, 48.37 ], [ 133.14, 48.11 ], [ 132.56, 47.77 ], [ 131.0, 47.69 ], [ 130.8, 48.34 ], [ 129.5, 49.39 ], [ 128.0, 49.57 ], [ 126.92, 51.1 ], [ 126.31, 52.4 ], [ 125.65, 53.04 ], [ 124.81, 53.13 ], [ 123.61, 53.55 ], [ 122.34, 53.49 ], [ 120.7, 53.17 ], [ 120.75, 52.1 ], [ 120.07, 51.6 ], [ 119.19, 50.38 ], [ 119.26, 50.07 ], [ 117.87, 49.51 ], [ 116.68, 49.82 ], [ 115.27, 49.95 ], [ 114.3, 50.27 ], [ 113.06, 49.62 ], [ 110.83, 49.17 ], [ 108.61, 49.32 ], [ 107.95, 49.92 ], [ 106.71, 50.31 ], [ 105.38, 50.47 ], [ 103.63, 50.14 ], [ 102.29, 50.59 ], [ 102.11, 51.35 ], [ 99.92, 51.76 ], [ 98.85, 52.07 ], [ 97.95, 51.35 ], [ 98.28, 50.53 ], [ 98.1, 50.08 ], [ 97.21, 49.73 ], [ 95.85, 50.01 ], [ 94.61, 50.02 ], [ 94.25, 50.56 ], [ 91.8, 50.69 ], [ 89.64, 49.9 ], [ 88.83, 49.45 ], [ 87.81, 49.16 ], [ 87.32, 49.09 ], [ 86.61, 49.61 ], [ 85.21, 49.66 ], [ 84.99, 50.06 ], [ 84.26, 50.29 ], [ 83.36, 50.99 ], [ 82.49, 50.73 ], [ 81.47, 50.74 ], [ 80.88, 51.28 ], [ 79.99, 50.77 ], [ 78.48, 52.64 ], [ 77.7, 53.38 ], [ 76.58, 53.94 ], [ 76.27, 54.31 ], [ 74.45, 53.65 ], [ 72.91, 54.11 ], [ 71.09, 54.21 ], [ 70.74, 55.31 ], [ 70.18, 55.16 ], [ 68.98, 55.39 ], [ 68.07, 54.96 ], [ 65.48, 54.62 ], [ 61.93, 53.95 ], [ 61.33, 54.05 ], [ 61.2, 53.29 ], [ 60.8, 52.74 ], [ 60.94, 52.28 ], [ 60.07, 51.98 ], [ 61.36, 51.44 ], [ 61.39, 50.86 ], [ 59.81, 50.58 ], [ 58.88, 50.69 ], [ 58.36, 51.06 ], [ 57.44, 50.89 ], [ 56.49, 51.02 ], [ 55.8, 50.6 ], [ 54.73, 51.0 ], [ 54.42, 50.78 ], [ 53.34, 51.48 ], [ 52.33, 51.68 ], [ 51.61, 51.48 ], [ 50.79, 51.73 ], [ 50.25, 51.29 ], [ 48.81, 50.6 ], [ 48.43, 49.83 ], [ 47.33, 50.27 ], [ 46.8, 49.37 ], [ 47.01, 49.1 ], [ 46.66, 48.41 ], [ 47.09, 47.95 ], [ 48.11, 47.75 ], [ 49.23, 46.34 ], [ 48.16, 45.74 ], [ 47.52, 45.6 ], [ 46.75, 44.42 ], [ 47.23, 44.19 ], [ 47.46, 43.04 ], [ 48.57, 41.84 ], [ 47.86, 41.21 ], [ 47.26, 41.32 ], [ 46.43, 41.89 ], [ 45.73, 42.48 ], [ 44.87, 42.76 ], [ 43.78, 42.75 ], [ 42.42, 43.22 ], [ 41.58, 43.22 ], [ 40.65, 43.53 ], [ 39.98, 43.42 ], [ 38.72, 44.29 ], [ 37.41, 44.74 ], [ 36.94, 45.29 ], [ 37.65, 45.38 ], [ 38.21, 47.09 ], [ 38.29, 47.56 ], [ 38.9, 47.86 ], [ 39.74, 47.84 ], [ 39.96, 48.24 ], [ 39.69, 49.01 ], [ 39.78, 49.57 ], [ 37.42, 50.41 ], [ 36.62, 50.21 ], [ 35.41, 50.54 ], [ 35.31, 51.04 ], [ 34.28, 51.31 ], [ 34.4, 51.78 ], [ 33.74, 52.34 ], [ 31.76, 52.1 ], [ 31.42, 53.2 ], [ 32.7, 53.34 ], [ 31.12, 54.65 ], [ 30.91, 55.57 ], [ 30.23, 55.85 ], [ 29.48, 55.68 ], [ 28.15, 56.14 ], [ 27.8, 57.32 ], [ 27.35, 57.53 ], [ 27.75, 57.84 ], [ 27.46, 58.84 ], [ 28.01, 59.48 ], [ 28.95, 59.83 ], [ 28.65, 60.61 ], [ 27.8, 60.54 ], [ 29.69, 61.55 ], [ 31.29, 62.57 ], [ 31.18, 63.21 ], [ 30.06, 63.69 ], [ 30.5, 64.02 ], [ 29.6, 64.97 ], [ 29.62, 65.04 ], [ 29.72, 65.08 ], [ 29.81, 65.11 ], [ 29.63, 65.22 ], [ 29.72, 65.62 ], [ 30.1, 65.68 ], [ 29.9, 66.09 ], [ 29.09, 66.97 ], [ 29.94, 67.55 ], [ 28.47, 68.49 ], [ 28.75, 68.77 ], [ 28.71, 68.87 ], [ 28.45, 68.87 ], [ 28.41, 68.9 ], [ 28.57, 68.93 ], [ 28.97, 69.02 ], [ 30.87, 69.78 ], [ 32.38, 69.48 ], [ 35.86, 69.19 ], [ 36.62, 69.0 ], [ 37.73, 68.69 ], [ 40.38, 67.83 ], [ 40.97, 67.71 ], [ 41.19, 66.83 ], [ 40.52, 66.45 ], [ 38.4, 66.06 ], [ 35.51, 66.4 ], [ 32.46, 66.92 ], [ 34.79, 65.86 ], [ 34.41, 65.4 ], [ 34.67, 65.17 ], [ 34.8, 64.99 ], [ 34.87, 64.56 ], [ 36.36, 64.0 ], [ 38.07, 64.03 ], [ 36.53, 64.85 ], [ 36.79, 64.99 ], [ 36.88, 65.17 ], [ 37.53, 65.11 ], [ 38.01, 64.88 ], [ 39.76, 64.58 ], [ 40.28, 65.0 ], [ 40.14, 65.06 ], [ 39.8, 65.35 ], [ 39.82, 65.6 ], [ 42.21, 66.52 ], [ 44.1, 66.24 ], [ 44.49, 66.67 ], [ 43.78, 67.25 ], [ 44.23, 68.0 ], [ 44.05, 68.55 ], [ 45.89, 68.48 ], [ 46.69, 67.85 ], [ 44.94, 67.48 ], [ 45.99, 66.85 ], [ 47.71, 67.05 ], [ 47.87, 67.58 ], [ 48.88, 67.73 ], [ 50.84, 68.35 ], [ 52.55, 68.59 ], [ 53.97, 68.23 ], [ 56.04, 68.65 ], [ 57.13, 68.55 ], [ 58.17, 68.89 ], [ 58.24, 68.83 ], [ 58.35, 68.92 ], [ 58.92, 69.0 ], [ 59.06, 69.01 ], [ 59.06, 68.97 ], [ 59.11, 68.9 ], [ 59.37, 68.74 ], [ 59.1, 68.44 ], [ 59.9, 68.42 ], [ 59.9, 68.71 ], [ 60.49, 68.73 ], [ 60.64, 68.79 ], [ 60.82, 68.9 ], [ 60.93, 68.99 ], [ 60.17, 69.59 ], [ 61.02, 69.85 ], [ 63.36, 69.68 ], [ 66.42, 68.95 ], [ 66.76, 68.89 ], [ 67.0, 68.87 ], [ 67.73, 68.51 ], [ 68.5, 68.35 ], [ 68.83, 68.57 ], [ 69.02, 68.82 ], [ 69.14, 68.95 ], [ 68.54, 68.97 ], [ 67.06, 69.69 ], [ 67.28, 70.74 ], [ 66.92, 71.28 ], [ 68.27, 71.68 ], [ 69.04, 72.67 ], [ 71.5, 72.91 ], [ 72.81, 72.69 ], [ 71.91, 71.55 ], [ 72.73, 70.82 ], [ 72.53, 69.08 ], [ 72.58, 68.97 ], [ 72.68, 68.87 ], [ 72.81, 68.82 ], [ 73.55, 68.57 ], [ 73.15, 67.87 ], [ 71.55, 66.76 ], [ 71.92, 66.25 ], [ 73.79, 67.0 ], [ 74.77, 67.77 ], [ 74.58, 68.75 ], [ 75.12, 68.86 ], [ 75.59, 68.9 ], [ 76.11, 68.98 ], [ 76.46, 68.98 ], [ 76.0, 69.24 ], [ 74.81, 69.09 ], [ 73.78, 69.2 ], [ 73.56, 69.71 ], [ 74.31, 70.65 ], [ 73.09, 71.44 ], [ 73.67, 71.85 ], [ 76.03, 71.91 ], [ 79.42, 72.38 ], [ 81.51, 71.75 ], [ 82.18, 72.24 ], [ 80.83, 72.49 ], [ 80.58, 73.57 ], [ 83.54, 73.67 ], [ 86.59, 73.89 ], [ 86.65, 74.68 ], [ 87.67, 75.13 ], [ 90.18, 75.59 ], [ 93.55, 75.85 ], [ 94.58, 76.15 ], [ 96.88, 75.93 ], [ 100.32, 76.48 ], [ 100.99, 76.99 ], [ 104.01, 77.73 ], [ 104.91, 77.17 ], [ 108.03, 76.72 ], [ 111.11, 76.72 ], [ 113.87, 75.86 ], [ 113.61, 75.29 ], [ 109.84, 74.32 ], [ 108.2, 73.69 ], [ 109.86, 73.47 ], [ 110.26, 74.02 ], [ 112.15, 73.71 ], [ 118.45, 73.59 ], [ 119.75, 72.98 ], [ 123.16, 72.95 ], [ 123.31, 73.53 ], [ 127.74, 73.48 ], [ 128.89, 73.19 ], [ 129.41, 72.32 ], [ 128.36, 72.09 ], [ 129.76, 71.12 ], [ 131.56, 70.9 ], [ 132.56, 71.9 ], [ 134.1, 71.38 ], [ 135.88, 71.63 ], [ 137.32, 71.36 ], [ 139.7, 71.7 ], [ 139.6, 72.5 ], [ 142.06, 72.72 ], [ 145.49, 72.54 ], [ 146.59, 72.3 ], [ 149.5, 72.16 ], [ 150.6, 71.52 ], [ 152.51, 70.83 ], [ 155.9, 71.1 ], [ 158.04, 71.04 ], [ 159.35, 70.79 ], [ 160.01, 70.31 ], [ 159.83, 69.78 ], [ 161.54, 69.38 ], [ 162.38, 69.65 ], [ 166.82, 69.5 ], [ 168.3, 69.27 ], [ 169.31, 69.08 ], [ 169.41, 68.92 ], [ 169.61, 68.79 ], [ 170.54, 68.83 ], [ 171.0, 69.05 ], [ 170.49, 70.11 ], [ 173.28, 69.82 ], [ 176.11, 69.86 ], [ 178.85, 69.39 ], [ 180.0, 68.98 ], [ 180.0, 68.74 ], [ 180.0, 65.07 ], [ 179.83, 65.03 ] ] ], [ [ [ -177.41, 68.25 ], [ -175.35, 67.68 ], [ -174.45, 67.1 ], [ -171.8, 66.93 ], [ -170.19, 66.2 ], [ -170.67, 65.62 ], [ -172.21, 65.43 ], [ -172.29, 65.21 ], [ -172.22, 65.13 ], [ -172.21, 65.05 ], [ -173.01, 64.3 ], [ -175.85, 65.01 ], [ -175.86, 65.05 ], [ -175.83, 65.11 ], [ -175.92, 65.35 ], [ -176.09, 65.47 ], [ -177.06, 65.61 ], [ -179.35, 65.52 ], [ -180.0, 65.07 ], [ -180.0, 68.74 ], [ -177.41, 68.25 ] ] ], [ [ [ 68.17, 76.28 ], [ 65.86, 76.61 ], [ 62.97, 76.24 ], [ 58.88, 75.85 ], [ 57.09, 75.38 ], [ 54.64, 73.96 ], [ 55.01, 73.45 ], [ 56.96, 73.37 ], [ 61.36, 75.31 ], [ 68.17, 76.28 ] ] ], [ [ [ 55.12, 73.36 ], [ 53.75, 73.29 ], [ 52.62, 72.3 ], [ 51.58, 72.07 ], [ 51.81, 71.49 ], [ 53.36, 71.54 ], [ 53.72, 70.81 ], [ 57.15, 70.59 ], [ 55.3, 71.94 ], [ 55.36, 72.47 ], [ 56.43, 73.2 ], [ 55.12, 73.36 ] ] ], [ [ [ 96.47, 81.1 ], [ 93.07, 80.99 ], [ 91.52, 80.36 ], [ 93.87, 80.01 ], [ 94.57, 80.13 ], [ 97.18, 80.24 ], [ 96.47, 81.1 ] ] ], [ [ [ 97.59, 80.17 ], [ 94.99, 80.1 ], [ 93.07, 79.5 ], [ 94.65, 79.13 ], [ 99.44, 78.83 ], [ 100.06, 79.78 ], [ 97.59, 80.17 ] ] ], [ [ [ 102.94, 79.27 ], [ 100.28, 78.68 ], [ 101.2, 78.19 ], [ 105.31, 78.5 ], [ 102.94, 79.27 ] ] ], [ [ [ 139.74, 75.95 ], [ 137.5, 75.91 ], [ 137.01, 75.24 ], [ 139.1, 74.66 ], [ 144.02, 75.04 ], [ 145.26, 75.59 ], [ 141.49, 76.14 ], [ 139.74, 75.95 ] ] ], [ [ [ 146.75, 75.43 ], [ 148.09, 74.83 ], [ 150.1, 75.22 ], [ 146.75, 75.43 ] ] ], [ [ [ 142.69, 54.42 ], [ 142.53, 53.45 ], [ 141.82, 53.34 ], [ 141.72, 51.74 ], [ 142.21, 51.22 ], [ 142.14, 49.57 ], [ 141.87, 48.75 ], [ 142.18, 48.01 ], [ 141.83, 46.45 ], [ 142.58, 46.7 ], [ 143.28, 46.56 ], [ 142.56, 47.74 ], [ 143.1, 49.2 ], [ 144.27, 49.31 ], [ 143.82, 50.28 ], [ 143.16, 52.08 ], [ 143.22, 53.3 ], [ 142.69, 54.42 ] ] ], [ [ [ -178.99, 71.59 ], [ -180.0, 70.99 ], [ -177.82, 71.07 ], [ -178.99, 71.59 ] ] ], [ [ [ 50.17, 69.26 ], [ 49.23, 69.51 ], [ 48.28, 69.04 ], [ 48.32, 68.94 ], [ 48.44, 68.8 ], [ 48.67, 68.73 ], [ 49.63, 68.86 ], [ 49.84, 68.97 ], [ 49.92, 69.05 ], [ 50.27, 69.19 ], [ 50.17, 69.26 ] ] ], [ [ [ 20.9, 55.29 ], [ 19.97, 54.92 ], [ 19.6, 54.46 ], [ 22.77, 54.36 ], [ 22.83, 54.84 ], [ 21.24, 55.26 ], [ 20.96, 55.28 ], [ 20.9, 55.29 ] ] ], [ [ [ 33.59, 46.1 ], [ 32.51, 45.4 ], [ 33.56, 45.1 ], [ 33.45, 44.55 ], [ 33.91, 44.39 ], [ 35.47, 45.1 ], [ 35.0, 45.73 ], [ 34.69, 45.98 ], [ 33.59, 46.1 ] ] ] ] } },
{ "type": "Feature", "properties": { "ISO3": "ROU", "name": "Romania" }, "geometry": { "type": "Polygon", "coordinates": [ [ [ 28.21, 45.45 ], [ 28.07, 46.98 ], [ 26.62, 48.26 ], [ 26.16, 47.99 ], [ 24.89, 47.72 ], [ 23.2, 48.08 ], [ 22.88, 47.95 ], [ 22.29, 47.73 ], [ 21.15, 46.3 ], [ 20.24, 46.11 ], [ 21.38, 44.87 ], [ 22.71, 44.24 ], [ 23.22, 43.87 ], [ 25.5, 43.67 ], [ 27.09, 44.17 ], [ 28.59, 43.74 ], [ 28.65, 44.3 ], [ 29.71, 45.26 ], [ 28.76, 45.23 ], [ 28.21, 45.45 ] ] ] } },
{ "type": "Feature", "properties": { "ISO3": "QAT", "name": "Qatar" }, "geometry": { "type": "Polygon", "coordinates": [ [ [ 51.27, 24.61 ], [ 51.6, 25.15 ], [ 51.54, 25.9 ], [ 51.0, 25.98 ], [ 50.76, 25.44 ], [ 50.8, 24.79 ], [ 51.27, 24.61 ] ] ] } },
{ "type": "Feature", "properties": { "ISO3": "PRT", "name": "Portugal" }, "geometry": { "type": "Polygon", "coordinates": [ [ [ -8.78, 41.94 ], [ -8.66, 41.03 ], [ -9.47, 38.73 ], [ -8.91, 38.51 ], [ -8.81, 37.43 ], [ -8.6, 37.12 ], [ -7.83, 37.01 ], [ -7.41, 37.18 ], [ -7.19, 38.01 ], [ -7.34, 38.46 ], [ -7.05, 38.91 ], [ -7.45, 39.54 ], [ -7.04, 39.71 ], [ -6.81, 40.34 ], [ -6.93, 41.01 ], [ -6.21, 41.53 ], [ -6.62, 41.94 ], [ -8.78, 41.94 ] ] ] } },
{ "type": "Feature", "properties": { "ISO3": "POL", "name": "Poland" }, "geometry": { "type": "Polygon", "coordinates": [ [ [ 23.61, 51.52 ], [ 23.84, 52.66 ], [ 23.48, 53.94 ], [ 22.77, 54.36 ], [ 19.6, 54.46 ], [ 18.67, 54.43 ], [ 18.32, 54.84 ], [ 16.56, 54.55 ], [ 16.19, 54.29 ], [ 14.21, 53.95 ], [ 14.21, 53.87 ], [ 14.26, 53.73 ], [ 14.13, 52.88 ], [ 14.62, 52.53 ], [ 14.6, 51.83 ], [ 15.02, 51.25 ], [ 14.81, 50.86 ], [ 16.01, 50.61 ], [ 16.68, 50.1 ], [ 17.15, 50.38 ], [ 18.83, 49.51 ], [ 19.8, 49.19 ], [ 21.64, 49.41 ], [ 22.54, 49.07 ], [ 22.65, 49.54 ], [ 24.11, 50.84 ], [ 23.61, 51.52 ] ] ] } },
{ "type": "Feature", "properties": { "ISO3": "PHL", "name": "Philippines" }, "geometry": { "type": "MultiPolygon", "coordinates": [ [ [ [ 121.05, 18.61 ], [ 120.6, 18.51 ], [ 120.36, 17.64 ], [ 120.41, 16.96 ], [ 120.16, 16.05 ], [ 120.08, 14.85 ], [ 120.89, 14.72 ], [ 120.62, 14.19 ], [ 121.2, 13.64 ], [ 121.78, 13.94 ], [ 122.41, 13.49 ], [ 122.6, 13.91 ], [ 123.16, 13.44 ], [ 123.31, 13.04 ], [ 124.06, 12.57 ], [ 124.14, 13.04 ], [ 123.23, 13.75 ], [ 122.86, 14.25 ], [ 121.8, 14.11 ], [ 121.39, 15.32 ], [ 121.6, 15.93 ], [ 122.14, 16.18 ], [ 122.52, 17.12 ], [ 121.85, 18.3 ], [ 121.05, 18.61 ] ] ], [ [ [ 117.41, 8.5 ], [ 118.43, 9.26 ], [ 118.78, 9.92 ], [ 119.68, 10.55 ], [ 119.53, 10.95 ], [ 118.11, 9.35 ], [ 117.35, 8.71 ], [ 117.41, 8.5 ] ] ], [ [ [ 122.4, 11.7 ], [ 122.1, 11.64 ], [ 121.96, 10.87 ], [ 122.2, 10.62 ], [ 122.77, 10.82 ], [ 123.16, 11.54 ], [ 122.4, 11.7 ] ] ], [ [ [ 123.19, 9.09 ], [ 123.16, 9.86 ], [ 123.57, 10.78 ], [ 122.98, 10.89 ], [ 122.86, 10.09 ], [ 122.41, 9.69 ], [ 123.19, 9.09 ] ] ], [ [ [ 124.55, 11.4 ], [ 124.79, 10.78 ], [ 124.78, 10.17 ], [ 125.25, 10.26 ], [ 125.03, 11.21 ], [ 124.55, 11.4 ] ] ], [ [ [ 125.15, 12.57 ], [ 124.38, 12.24 ], [ 124.88, 11.78 ], [ 125.23, 11.15 ], [ 125.63, 11.13 ], [ 125.46, 11.95 ], [ 125.15, 12.57 ] ] ], [ [ [ 120.65, 13.5 ], [ 120.51, 13.26 ], [ 121.24, 12.22 ], [ 121.54, 12.64 ], [ 121.52, 13.13 ], [ 120.65, 13.5 ] ] ], [ [ [ 125.95, 9.43 ], [ 124.87, 8.97 ], [ 124.73, 8.56 ], [ 124.23, 8.27 ], [ 123.43, 8.7 ], [ 122.91, 8.16 ], [ 122.13, 7.81 ], [ 123.39, 7.41 ], [ 123.49, 7.81 ], [ 124.21, 7.4 ], [ 123.99, 6.99 ], [ 124.08, 6.4 ], [ 124.64, 6.0 ], [ 125.46, 5.66 ], [ 125.67, 5.98 ], [ 125.4, 6.8 ], [ 125.82, 7.33 ], [ 126.08, 6.73 ], [ 126.58, 7.25 ], [ 126.3, 8.95 ], [ 125.95, 9.43 ] ] ] ] } },
{ "type": "Feature", "properties": { "ISO3": "PER", "name": "Peru" }, "geometry": { "type": "Polygon", "coordinates": [ [ [ -69.97, -4.24 ], [ -70.34, -3.81 ], [ -70.74, -3.78 ], [ -70.07, -2.75 ], [ -70.91, -2.22 ], [ -71.75, -2.15 ], [ -72.4, -2.43 ], [ -73.15, -2.28 ], [ -73.2, -1.83 ], [ -73.66, -1.25 ], [ -74.25, -0.97 ], [ -74.8, -0.2 ], [ -75.28, -0.11 ], [ -75.26, -0.56 ], [ -75.57, -1.53 ], [ -76.68, -2.56 ], [ -77.86, -2.98 ], [ -78.42, -3.78 ], [ -79.08, -4.99 ], [ -80.18, -3.88 ], [ -80.32, -3.39 ], [ -81.28, -4.32 ], [ -80.81, -6.28 ], [ -80.11, -6.65 ], [ -79.38, -7.84 ], [ -78.76, -8.62 ], [ -77.63, -11.29 ], [ -77.22, -11.66 ], [ -76.18, -13.52 ], [ -76.29, -14.13 ], [ -75.1, -15.41 ], [ -73.82, -16.15 ], [ -72.47, -16.71 ], [ -72.36, -16.77 ], [ -72.27, -16.88 ], [ -72.11, -17.0 ], [ -71.53, -17.29 ], [ -71.34, -17.68 ], [ -70.42, -18.35 ], [ -69.93, -18.21 ], [ -69.51, -17.51 ], [ -69.62, -17.2 ], [ -69.44, -17.09 ], [ -69.38, -17.0 ], [ -69.27, -16.86 ], [ -69.2, -16.77 ], [ -69.02, -16.64 ], [ -69.42, -15.6 ], [ -69.37, -14.96 ], [ -68.88, -14.2 ], [ -69.07, -13.68 ], [ -68.98, -12.88 ], [ -68.69, -12.5 ], [ -69.58, -10.95 ], [ -70.64, -11.01 ], [ -70.64, -9.48 ], [ -71.24, -9.97 ], [ -72.18, -10.0 ], [ -72.38, -9.51 ], [ -73.21, -9.41 ], [ -72.97, -8.99 ], [ -73.55, -8.35 ], [ -74.0, -7.56 ], [ -73.76, -6.91 ], [ -73.14, -6.47 ], [ -73.24, -6.1 ], [ -72.89, -5.12 ], [ -71.84, -4.5 ], [ -70.8, -4.17 ], [ -69.97, -4.24 ] ] ] } },
{ "type": "Feature", "properties": { "ISO3": "PRY", "name": "Paraguay" }, "geometry": { "type": "Polygon", "coordinates": [ [ [ -58.16, -20.16 ], [ -58.18, -19.82 ], [ -59.09, -19.29 ], [ -60.01, -19.3 ], [ -61.76, -19.65 ], [ -62.28, -20.56 ], [ -62.28, -21.07 ], [ -62.65, -22.23 ], [ -61.8, -23.18 ], [ -60.84, -23.86 ], [ -59.89, -24.09 ], [ -59.37, -24.45 ], [ -57.82, -25.14 ], [ -57.59, -25.41 ], [ -58.64, -27.2 ], [ -56.44, -27.55 ], [ -55.79, -27.42 ], [ -54.83, -26.65 ], [ -54.62, -25.58 ], [ -54.24, -24.05 ], [ -54.63, -23.81 ], [ -55.37, -23.99 ], [ -55.85, -22.31 ], [ -56.52, -22.1 ], [ -56.94, -22.27 ], [ -57.99, -22.05 ], [ -57.83, -21.0 ], [ -58.16, -20.16 ] ] ] } },
{ "type": "Feature", "properties": { "ISO3": "PNG", "name": "Papua New Guinea" }, "geometry": { "type": "MultiPolygon", "coordinates": [ [ [ [ 151.86, -4.26 ], [ 151.67, -4.88 ], [ 150.95, -5.42 ], [ 150.3, -5.54 ], [ 148.34, -5.54 ], [ 148.4, -5.77 ], [ 149.65, -6.29 ], [ 150.43, -6.28 ], [ 151.23, -5.92 ], [ 151.52, -5.55 ], [ 152.14, -5.36 ], [ 152.41, -4.34 ], [ 151.86, -4.26 ] ] ], [ [ [ 140.98, -9.12 ], [ 142.23, -9.17 ], [ 142.65, -9.33 ], [ 143.37, -8.96 ], [ 143.09, -8.31 ], [ 143.61, -8.2 ], [ 144.51, -7.57 ], [ 146.03, -8.08 ], [ 146.7, -9.03 ], [ 147.77, -10.07 ], [ 149.75, -10.35 ], [ 150.48, -10.64 ], [ 150.67, -10.26 ], [ 149.87, -10.01 ], [ 149.2, -9.41 ], [ 148.58, -9.05 ], [ 148.13, -8.1 ], [ 147.19, -7.38 ], [ 147.12, -6.72 ], [ 147.85, -6.66 ], [ 147.8, -6.32 ], [ 145.85, -5.47 ], [ 145.77, -4.82 ], [ 144.48, -3.83 ], [ 144.02, -3.78 ], [ 143.51, -3.43 ], [ 142.21, -3.08 ], [ 140.97, -2.61 ], [ 140.97, -4.23 ], [ 140.98, -6.91 ], [ 140.98, -9.12 ] ] ], [ [ [ 155.93, -6.57 ], [ 155.0, -5.54 ], [ 154.78, -5.97 ], [ 155.34, -6.72 ], [ 155.93, -6.57 ] ] ] ] } },
{ "type": "Feature", "properties": { "ISO3": "PAN", "name": "Panama" }, "geometry": { "type": "Polygon", "coordinates": [ [ [ -77.37, 8.66 ], [ -78.08, 9.24 ], [ -79.58, 9.6 ], [ -80.13, 9.21 ], [ -81.35, 8.78 ], [ -82.24, 9.03 ], [ -82.56, 9.58 ], [ -82.94, 9.45 ], [ -82.88, 8.07 ], [ -82.68, 8.32 ], [ -81.73, 8.14 ], [ -81.5, 7.72 ], [ -81.04, 7.71 ], [ -80.85, 7.22 ], [ -80.08, 7.67 ], [ -80.37, 8.29 ], [ -79.09, 9.0 ], [ -78.11, 8.38 ], [ -78.42, 8.06 ], [ -77.9, 7.23 ], [ -77.21, 8.03 ], [ -77.37, 8.66 ] ] ] } },
{ "type": "Feature", "properties": { "ISO3": "PLW", "name": "Palau" }, "geometry": { "type": "Polygon", "coordinates": [ [ [ 134.6, 7.44 ], [ 134.66, 7.66 ], [ 134.56, 7.59 ], [ 134.51, 7.44 ], [ 134.6, 7.44 ] ] ] } },
{ "type": "Feature", "properties": { "ISO3": "PAK", "name": "Pakistan" }, "geometry": { "type": "Polygon", "coordinates": [ [ [ 76.77, 35.66 ], [ 75.95, 36.02 ], [ 75.84, 36.65 ], [ 74.54, 37.02 ], [ 72.62, 36.83 ], [ 71.62, 36.44 ], [ 71.19, 36.04 ], [ 71.62, 35.18 ], [ 70.97, 34.53 ], [ 71.05, 34.05 ], [ 69.87, 33.9 ], [ 70.28, 33.37 ], [ 69.5, 33.02 ], [ 69.28, 31.94 ], [ 68.87, 31.63 ], [ 68.21, 31.81 ], [ 67.29, 31.22 ], [ 66.4, 30.91 ], [ 66.18, 29.84 ], [ 64.1, 29.39 ], [ 63.57, 29.5 ], [ 62.48, 29.41 ], [ 60.84, 29.86 ], [ 61.62, 28.79 ], [ 62.74, 28.0 ], [ 62.76, 27.25 ], [ 63.17, 26.67 ], [ 62.44, 26.56 ], [ 61.87, 26.24 ], [ 61.59, 25.2 ], [ 63.49, 25.21 ], [ 63.72, 25.39 ], [ 64.66, 25.18 ], [ 66.43, 25.58 ], [ 66.7, 24.86 ], [ 67.17, 24.76 ], [ 67.31, 24.17 ], [ 67.67, 23.81 ], [ 68.17, 23.86 ], [ 68.73, 24.27 ], [ 69.72, 24.17 ], [ 71.05, 24.69 ], [ 70.65, 25.42 ], [ 70.08, 26.07 ], [ 70.16, 26.47 ], [ 69.47, 26.8 ], [ 69.57, 27.17 ], [ 70.4, 28.03 ], [ 70.74, 27.73 ], [ 71.87, 27.96 ], [ 72.34, 28.75 ], [ 72.9, 29.03 ], [ 73.38, 29.93 ], [ 74.63, 31.03 ], [ 74.51, 31.71 ], [ 75.33, 32.28 ], [ 74.66, 32.52 ], [ 73.99, 33.24 ], [ 74.15, 33.51 ], [ 73.96, 34.65 ], [ 74.3, 34.77 ], [ 75.71, 34.5 ], [ 76.59, 34.74 ], [ 77.05, 35.11 ], [ 76.77, 35.66 ] ] ] } },
{ "type": "Feature", "properties": { "ISO3": "OMN", "name": "Oman" }, "geometry": { "type": "Polygon", "coordinates": [ [ [ 53.09, 16.65 ], [ 54.07, 17.01 ], [ 55.06, 17.04 ], [ 55.48, 17.84 ], [ 56.27, 17.95 ], [ 56.66, 18.59 ], [ 57.81, 19.02 ], [ 57.72, 19.61 ], [ 57.86, 20.24 ], [ 58.47, 20.41 ], [ 58.9, 21.11 ], [ 59.37, 21.5 ], [ 59.8, 22.22 ], [ 58.58, 23.64 ], [ 57.22, 23.92 ], [ 56.64, 24.47 ], [ 56.39, 24.98 ], [ 56.06, 24.74 ], [ 55.2, 23.03 ], [ 55.19, 22.7 ], [ 55.64, 22.0 ], [ 54.98, 20.0 ], [ 51.98, 19.0 ], [ 53.09, 16.65 ] ] ] } },
{ "type": "Feature", "properties": { "ISO3": "NOR", "name": "Norway" }, "geometry": { "type": "MultiPolygon", "coordinates": [ [ [ [ 20.62, 69.04 ], [ 21.62, 69.27 ], [ 21.99, 69.04 ], [ 22.08, 68.99 ], [ 22.3, 68.86 ], [ 22.41, 68.72 ], [ 24.94, 68.59 ], [ 25.36, 68.86 ], [ 25.48, 68.88 ], [ 25.58, 68.89 ], [ 25.75, 68.99 ], [ 26.01, 69.65 ], [ 27.89, 70.06 ], [ 29.14, 69.67 ], [ 28.97, 69.02 ], [ 30.87, 69.78 ], [ 30.94, 70.27 ], [ 27.6, 71.09 ], [ 24.42, 70.7 ], [ 18.29, 69.48 ], [ 18.1, 69.16 ], [ 17.7, 69.1 ], [ 17.55, 69.0 ], [ 17.49, 68.88 ], [ 17.39, 68.8 ], [ 16.65, 68.63 ], [ 16.06, 68.2 ], [ 14.8, 67.81 ], [ 14.75, 67.5 ], [ 13.1, 66.54 ], [ 12.98, 66.02 ], [ 12.16, 65.18 ], [ 11.49, 64.98 ], [ 11.35, 64.91 ], [ 9.71, 63.86 ], [ 8.4, 63.54 ], [ 8.1, 63.09 ], [ 7.01, 62.96 ], [ 5.53, 62.31 ], [ 4.93, 61.71 ], [ 5.24, 60.57 ], [ 5.13, 59.23 ], [ 5.71, 58.52 ], [ 7.0, 58.02 ], [ 8.17, 58.15 ], [ 9.62, 58.95 ], [ 10.83, 59.18 ], [ 11.39, 59.04 ], [ 11.68, 59.59 ], [ 12.49, 60.11 ], [ 12.29, 61.0 ], [ 12.88, 61.35 ], [ 12.16, 61.72 ], [ 12.3, 62.29 ], [ 12.0, 63.29 ], [ 12.66, 63.94 ], [ 13.96, 64.01 ], [ 13.65, 64.58 ], [ 14.12, 64.95 ], [ 14.35, 65.17 ], [ 14.48, 65.3 ], [ 14.54, 66.13 ], [ 16.4, 67.05 ], [ 16.13, 67.43 ], [ 18.38, 68.56 ], [ 19.97, 68.36 ], [ 19.97, 68.54 ], [ 20.32, 68.75 ], [ 20.35, 68.85 ], [ 20.34, 68.9 ], [ 20.62, 69.04 ] ] ], [ [ [ 21.45, 78.6 ], [ 20.23, 78.48 ], [ 22.06, 77.5 ], [ 23.84, 77.5 ], [ 21.45, 78.6 ] ] ], [ [ [ 20.69, 80.3 ], [ 18.34, 80.06 ], [ 20.86, 79.4 ], [ 23.95, 79.19 ], [ 25.64, 79.4 ], [ 26.86, 80.16 ], [ 20.69, 80.3 ] ] ], [ [ [ 16.52, 80.02 ], [ 13.38, 79.48 ], [ 10.87, 79.8 ], [ 11.77, 78.72 ], [ 14.92, 77.69 ], [ 14.37, 77.23 ], [ 16.7, 76.58 ], [ 20.46, 79.13 ], [ 16.52, 80.02 ] ] ] ] } },
{ "type": "Feature", "properties": { "ISO3": "PRK", "name": "North Korea" }, "geometry": { "type": "Polygon", "coordinates": [ [ [ 128.37, 38.62 ], [ 127.39, 39.21 ], [ 127.57, 39.78 ], [ 128.3, 40.04 ], [ 129.71, 40.86 ], [ 129.76, 41.71 ], [ 130.69, 42.3 ], [ 130.53, 42.54 ], [ 129.72, 42.48 ], [ 128.92, 42.04 ], [ 128.05, 41.99 ], [ 128.11, 41.39 ], [ 127.18, 41.53 ], [ 126.9, 41.78 ], [ 125.99, 40.9 ], [ 124.89, 40.46 ], [ 124.36, 40.0 ], [ 125.36, 39.53 ], [ 125.07, 38.56 ], [ 125.45, 37.73 ], [ 126.63, 37.78 ], [ 127.17, 38.3 ], [ 128.04, 38.31 ], [ 128.37, 38.62 ] ] ] } },
{ "type": "Feature", "properties": { "ISO3": "NGA", "name": "Nigeria" }, "geometry": { "type": "Polygon", "coordinates": [ [ [ 13.61, 13.7 ], [ 12.65, 13.33 ], [ 12.46, 13.09 ], [ 11.41, 13.35 ], [ 10.18, 13.27 ], [ 9.62, 12.81 ], [ 8.75, 12.91 ], [ 7.79, 13.34 ], [ 7.06, 13.0 ], [ 6.39, 13.6 ], [ 5.49, 13.87 ], [ 4.15, 13.46 ], [ 3.95, 12.78 ], [ 3.65, 12.53 ], [ 3.6, 11.7 ], [ 3.49, 11.4 ], [ 3.83, 10.61 ], [ 3.04, 9.08 ], [ 2.77, 9.05 ], [ 2.69, 7.87 ], [ 2.71, 6.37 ], [ 4.13, 6.41 ], [ 4.86, 6.03 ], [ 5.59, 4.65 ], [ 6.08, 4.29 ], [ 7.15, 4.51 ], [ 8.29, 4.56 ], [ 8.56, 4.76 ], [ 9.06, 6.01 ], [ 10.14, 7.0 ], [ 10.61, 7.06 ], [ 11.15, 6.44 ], [ 11.55, 6.7 ], [ 12.4, 8.6 ], [ 12.81, 8.89 ], [ 12.93, 9.43 ], [ 13.89, 11.14 ], [ 14.56, 11.49 ], [ 14.63, 12.11 ], [ 14.2, 12.38 ], [ 14.06, 13.08 ], [ 13.61, 13.7 ] ] ] } },
{ "type": "Feature", "properties": { "ISO3": "NER", "name": "Niger" }, "geometry": { "type": "Polygon", "coordinates": [ [ [ 13.61, 13.7 ], [ 13.45, 14.38 ], [ 14.37, 15.75 ], [ 15.47, 16.91 ], [ 15.74, 19.9 ], [ 15.95, 20.3 ], [ 15.18, 21.52 ], [ 14.98, 23.0 ], [ 14.23, 22.62 ], [ 13.48, 23.18 ], [ 11.97, 23.52 ], [ 9.38, 21.99 ], [ 7.48, 20.87 ], [ 5.84, 19.48 ], [ 4.23, 19.14 ], [ 4.23, 17.0 ], [ 3.88, 15.76 ], [ 3.5, 15.36 ], [ 1.3, 15.27 ], [ 0.96, 14.99 ], [ 0.22, 14.91 ], [ 0.16, 14.5 ], [ 0.62, 13.7 ], [ 0.98, 13.55 ], [ 0.99, 13.04 ], [ 1.56, 12.64 ], [ 2.07, 12.71 ], [ 2.39, 11.9 ], [ 2.88, 12.37 ], [ 3.6, 11.7 ], [ 3.65, 12.53 ], [ 3.95, 12.78 ], [ 4.15, 13.46 ], [ 5.49, 13.87 ], [ 6.39, 13.6 ], [ 7.06, 13.0 ], [ 7.79, 13.34 ], [ 8.75, 12.91 ], [ 9.62, 12.81 ], [ 10.18, 13.27 ], [ 11.41, 13.35 ], [ 12.46, 13.09 ], [ 12.65, 13.33 ], [ 13.61, 13.7 ] ] ] } },
{ "type": "Feature", "properties": { "ISO3": "NIC", "name": "Nicaragua" }, "geometry": { "type": "Polygon", "coordinates": [ [ [ -83.16, 14.99 ], [ -84.65, 14.66 ], [ -85.79, 13.84 ], [ -86.15, 13.99 ], [ -86.73, 13.76 ], [ -86.71, 13.31 ], [ -87.34, 12.98 ], [ -86.47, 11.74 ], [ -85.74, 11.06 ], [ -83.64, 10.92 ], [ -83.87, 11.3 ], [ -83.51, 12.41 ], [ -83.57, 13.32 ], [ -83.19, 14.34 ], [ -83.16, 14.99 ] ] ] } },
{ "type": "Feature", "properties": { "ISO3": "NZL", "name": "New Zealand" }, "geometry": { "type": "MultiPolygon", "coordinates": [ [ [ [ 173.07, -41.19 ], [ 172.64, -40.52 ], [ 172.14, -40.95 ], [ 172.01, -41.44 ], [ 171.49, -41.79 ], [ 171.26, -42.47 ], [ 169.66, -43.59 ], [ 168.37, -44.08 ], [ 167.19, -44.96 ], [ 166.73, -45.54 ], [ 166.73, -46.2 ], [ 167.68, -46.19 ], [ 168.38, -46.61 ], [ 169.69, -46.55 ], [ 170.7, -45.68 ], [ 171.44, -44.14 ], [ 172.39, -43.83 ], [ 172.72, -43.26 ], [ 173.22, -42.98 ], [ 174.28, -41.74 ], [ 174.3, -41.02 ], [ 173.07, -41.19 ] ] ], [ [ [ 173.24, -34.9 ], [ 173.12, -35.21 ], [ 173.95, -36.18 ], [ 174.45, -36.45 ], [ 174.48, -36.94 ], [ 174.93, -37.8 ], [ 174.6, -38.79 ], [ 173.84, -39.14 ], [ 173.93, -39.51 ], [ 175.01, -39.95 ], [ 175.16, -40.62 ], [ 174.64, -41.29 ], [ 175.31, -41.61 ], [ 175.98, -41.21 ], [ 177.11, -39.67 ], [ 177.41, -39.08 ], [ 177.97, -39.14 ], [ 178.54, -37.69 ], [ 178.01, -37.55 ], [ 177.34, -37.99 ], [ 176.11, -37.65 ], [ 175.88, -36.96 ], [ 174.72, -36.84 ], [ 174.8, -36.31 ], [ 174.39, -35.77 ], [ 174.32, -35.25 ], [ 173.24, -34.9 ] ] ] ] } },
{ "type": "Feature", "properties": { "ISO3": "NIU", "name": "Niue" }, "geometry": { "type": "Polygon", "coordinates": [ [ [ -169.79, -19.04 ], [ -169.91, -18.99 ], [ -169.9, -19.14 ], [ -169.79, -19.04 ] ] ] } },
{ "type": "Feature", "properties": { "ISO3": "COK", "name": "Cook Is." }, "geometry": { "type": "Polygon", "coordinates": [ [ [ -159.74, -21.24 ], [ -159.77, -21.19 ], [ -159.83, -21.2 ], [ -159.84, -21.24 ], [ -159.74, -21.24 ] ] ] } },
{ "type": "Feature", "properties": { "ISO3": "NLD", "name": "Netherlands" }, "geometry": { "type": "Polygon", "coordinates": [ [ [ 5.99, 50.75 ], [ 6.19, 51.49 ], [ 7.04, 52.38 ], [ 7.2, 53.28 ], [ 6.06, 53.41 ], [ 4.68, 52.81 ], [ 4.48, 52.31 ], [ 3.59, 51.45 ], [ 4.23, 51.39 ], [ 5.83, 51.13 ], [ 5.99, 50.75 ] ] ] } },
{ "type": "Feature", "properties": { "ISO3": "ABW", "name": "Aruba" }, "geometry": { "type": "Polygon", "coordinates": [ [ [ -69.91, 12.48 ], [ -70.04, 12.61 ], [ -70.07, 12.55 ], [ -69.91, 12.48 ] ] ] } },
{ "type": "Feature", "properties": { "ISO3": "CUW", "name": "Curaçao" }, "geometry": { "type": "Polygon", "coordinates": [ [ [ -68.83, 12.16 ], [ -69.01, 12.23 ], [ -69.08, 12.34 ], [ -69.15, 12.3 ], [ -69.0, 12.14 ], [ -68.83, 12.16 ] ] ] } },
{ "type": "Feature", "properties": { "ISO3": "NPL", "name": "Nepal" }, "geometry": { "type": "Polygon", "coordinates": [ [ [ 88.11, 27.87 ], [ 86.41, 27.93 ], [ 85.68, 28.28 ], [ 85.12, 28.32 ], [ 83.58, 29.18 ], [ 83.16, 29.61 ], [ 81.42, 30.34 ], [ 81.01, 30.16 ], [ 80.4, 29.73 ], [ 80.07, 28.83 ], [ 80.59, 28.65 ], [ 81.85, 27.87 ], [ 83.29, 27.37 ], [ 84.09, 27.49 ], [ 85.29, 26.74 ], [ 87.02, 26.56 ], [ 87.29, 26.36 ], [ 88.05, 26.43 ], [ 88.11, 27.87 ] ] ] } },
{ "type": "Feature", "properties": { "ISO3": "NRU", "name": "Nauru" }, "geometry": { "type": "Polygon", "coordinates": [ [ [ 166.96, -0.5 ], [ 166.91, -0.5 ], [ 166.92, -0.55 ], [ 166.94, -0.55 ], [ 166.96, -0.5 ] ] ] } },
{ "type": "Feature", "properties": { "ISO3": "NAM", "name": "Namibia" }, "geometry": { "type": "Polygon", "coordinates": [ [ [ 23.38, -17.64 ], [ 21.42, -18.0 ], [ 19.08, -17.82 ], [ 18.4, -17.4 ], [ 16.53, -17.39 ], [ 13.94, -17.39 ], [ 13.1, -16.97 ], [ 12.55, -17.21 ], [ 11.74, -17.25 ], [ 11.78, -18.0 ], [ 12.46, -18.93 ], [ 13.17, -20.18 ], [ 13.45, -20.92 ], [ 14.32, -22.19 ], [ 14.53, -22.7 ], [ 14.5, -24.2 ], [ 14.84, -25.03 ], [ 14.97, -26.32 ], [ 15.34, -27.39 ], [ 15.72, -27.97 ], [ 16.45, -28.62 ], [ 17.06, -28.03 ], [ 17.45, -28.7 ], [ 19.03, -28.93 ], [ 19.98, -28.45 ], [ 19.98, -24.78 ], [ 19.98, -22.0 ], [ 20.97, -22.0 ], [ 20.97, -18.32 ], [ 23.3, -18.03 ], [ 23.58, -18.45 ], [ 24.36, -17.98 ], [ 25.26, -17.79 ], [ 24.27, -17.48 ], [ 23.38, -17.64 ] ] ] } },
{ "type": "Feature", "properties": { "ISO3": "MOZ", "name": "Mozambique" }, "geometry": { "type": "Polygon", "coordinates": [ [ [ 31.29, -22.4 ], [ 31.55, -23.48 ], [ 31.99, -24.46 ], [ 31.95, -25.96 ], [ 32.11, -26.84 ], [ 32.89, -26.85 ], [ 32.79, -25.64 ], [ 33.35, -25.26 ], [ 35.16, -24.54 ], [ 35.58, -22.96 ], [ 35.32, -22.4 ], [ 35.27, -21.65 ], [ 34.7, -20.4 ], [ 34.95, -19.81 ], [ 36.54, -18.52 ], [ 37.24, -17.74 ], [ 38.14, -17.24 ], [ 39.08, -16.97 ], [ 39.18, -16.84 ], [ 39.24, -16.79 ], [ 39.63, -16.58 ], [ 39.84, -16.44 ], [ 40.56, -15.47 ], [ 40.84, -14.79 ], [ 40.64, -14.39 ], [ 40.58, -12.64 ], [ 40.4, -11.33 ], [ 40.46, -10.46 ], [ 39.99, -10.82 ], [ 38.49, -11.41 ], [ 37.92, -11.29 ], [ 37.54, -11.68 ], [ 36.52, -11.72 ], [ 35.79, -11.45 ], [ 34.96, -11.58 ], [ 34.66, -11.59 ], [ 34.36, -12.21 ], [ 34.56, -13.36 ], [ 35.25, -13.9 ], [ 35.85, -14.67 ], [ 35.76, -16.06 ], [ 35.17, -16.56 ], [ 34.4, -16.2 ], [ 34.25, -15.89 ], [ 34.54, -15.3 ], [ 34.33, -14.41 ], [ 33.64, -14.57 ], [ 33.2, -14.01 ], [ 30.23, -14.99 ], [ 30.4, -15.64 ], [ 30.44, -16.0 ], [ 31.24, -16.02 ], [ 31.94, -16.43 ], [ 32.95, -16.71 ], [ 32.94, -16.78 ], [ 32.88, -16.88 ], [ 32.97, -17.25 ], [ 32.99, -18.36 ], [ 32.72, -19.0 ], [ 33.01, -19.87 ], [ 32.48, -20.71 ], [ 32.37, -21.33 ], [ 31.29, -22.4 ] ] ] } },
{ "type": "Feature", "properties": { "ISO3": "MAR", "name": "Morocco" }, "geometry": { "type": "Polygon", "coordinates": [ [ [ -2.22, 35.1 ], [ -3.69, 35.28 ], [ -4.33, 35.16 ], [ -5.11, 35.47 ], [ -5.4, 35.93 ], [ -5.92, 35.79 ], [ -6.35, 34.78 ], [ -6.9, 33.97 ], [ -8.3, 33.37 ], [ -9.25, 32.57 ], [ -9.81, 31.42 ], [ -9.88, 30.72 ], [ -9.67, 30.11 ], [ -10.49, 29.06 ], [ -11.43, 28.38 ], [ -12.95, 27.91 ], [ -13.58, 26.74 ], [ -14.41, 26.25 ], [ -15.04, 24.55 ], [ -15.59, 24.07 ], [ -16.21, 23.1 ], [ -16.51, 22.33 ], [ -16.93, 21.9 ], [ -17.0, 21.42 ], [ -14.84, 21.45 ], [ -14.22, 22.31 ], [ -14.02, 23.41 ], [ -13.31, 23.98 ], [ -13.06, 24.4 ], [ -12.43, 24.83 ], [ -12.03, 26.03 ], [ -11.72, 26.1 ], [ -10.92, 27.01 ], [ -9.74, 26.86 ], [ -8.75, 27.19 ], [ -8.68, 27.66 ], [ -8.66, 28.72 ], [ -7.69, 29.35 ], [ -6.5, 29.81 ], [ -5.45, 29.96 ], [ -4.97, 30.47 ], [ -4.32, 30.7 ], [ -3.83, 31.2 ], [ -3.83, 31.66 ], [ -2.45, 32.13 ], [ -1.28, 32.09 ], [ -1.07, 32.47 ], [ -1.68, 33.32 ], [ -1.8, 34.75 ], [ -2.22, 35.1 ] ] ] } },
{ "type": "Feature", "properties": { "ISO3": "ESH", "name": "W. Sahara" }, "geometry": { "type": "Polygon", "coordinates": [ [ [ -8.68, 27.66 ], [ -8.75, 27.19 ], [ -9.74, 26.86 ], [ -10.92, 27.01 ], [ -11.72, 26.1 ], [ -12.03, 26.03 ], [ -12.43, 24.83 ], [ -13.06, 24.4 ], [ -13.31, 23.98 ], [ -14.02, 23.41 ], [ -14.22, 22.31 ], [ -14.84, 21.45 ], [ -17.0, 21.42 ], [ -17.05, 20.81 ], [ -16.96, 21.33 ], [ -13.02, 21.33 ], [ -13.03, 23.0 ], [ -12.02, 23.47 ], [ -12.02, 26.0 ], [ -8.68, 26.0 ], [ -8.68, 27.29 ], [ -8.68, 27.66 ] ] ] } },
{ "type": "Feature", "properties": { "ISO3": "MNE", "name": "Montenegro" }, "geometry": { "type": "Polygon", "coordinates": [ [ [ 19.19, 43.53 ], [ 18.44, 42.97 ], [ 18.44, 42.56 ], [ 18.52, 42.43 ], [ 19.34, 41.87 ], [ 19.65, 42.63 ], [ 20.06, 42.55 ], [ 20.34, 42.83 ], [ 19.19, 43.53 ] ] ] } },
{ "type": "Feature", "properties": { "ISO3": "MNG", "name": "Mongolia" }, "geometry": { "type": "Polygon", "coordinates": [ [ [ 87.81, 49.16 ], [ 87.98, 48.56 ], [ 89.05, 48.0 ], [ 90.31, 47.68 ], [ 90.87, 46.95 ], [ 91.0, 46.04 ], [ 90.66, 45.53 ], [ 90.88, 45.2 ], [ 93.66, 44.9 ], [ 94.71, 44.35 ], [ 95.35, 44.28 ], [ 95.91, 43.21 ], [ 96.39, 42.72 ], [ 97.21, 42.79 ], [ 99.47, 42.57 ], [ 99.98, 42.68 ], [ 101.71, 42.47 ], [ 101.97, 42.22 ], [ 103.71, 41.75 ], [ 104.5, 41.88 ], [ 105.2, 41.74 ], [ 106.77, 42.29 ], [ 109.44, 42.46 ], [ 110.4, 42.77 ], [ 111.01, 43.34 ], [ 111.93, 43.71 ], [ 111.4, 44.37 ], [ 111.9, 45.06 ], [ 113.59, 44.75 ], [ 114.52, 45.36 ], [ 115.68, 45.46 ], [ 116.56, 46.29 ], [ 117.33, 46.36 ], [ 118.31, 46.72 ], [ 119.71, 46.61 ], [ 119.71, 47.15 ], [ 118.5, 47.98 ], [ 117.77, 47.99 ], [ 115.9, 47.69 ], [ 115.56, 47.95 ], [ 116.68, 49.82 ], [ 115.27, 49.95 ], [ 114.3, 50.27 ], [ 113.06, 49.62 ], [ 110.83, 49.17 ], [ 108.61, 49.32 ], [ 107.95, 49.92 ], [ 106.71, 50.31 ], [ 105.38, 50.47 ], [ 103.63, 50.14 ], [ 102.29, 50.59 ], [ 102.11, 51.35 ], [ 99.92, 51.76 ], [ 98.85, 52.07 ], [ 97.95, 51.35 ], [ 98.28, 50.53 ], [ 98.1, 50.08 ], [ 97.21, 49.73 ], [ 95.85, 50.01 ], [ 94.61, 50.02 ], [ 94.25, 50.56 ], [ 91.8, 50.69 ], [ 89.64, 49.9 ], [ 88.83, 49.45 ], [ 87.81, 49.16 ] ] ] } },
{ "type": "Feature", "properties": { "ISO3": "MDA", "name": "Moldova" }, "geometry": { "type": "Polygon", "coordinates": [ [ [ 26.62, 48.26 ], [ 28.07, 46.98 ], [ 28.21, 45.45 ], [ 28.95, 46.05 ], [ 29.15, 46.53 ], [ 29.88, 46.83 ], [ 29.16, 47.46 ], [ 29.19, 47.88 ], [ 27.55, 48.48 ], [ 26.62, 48.26 ] ] ] } },
{ "type": "Feature", "properties": { "ISO3": "MCO", "name": "Monaco" }, "geometry": { "type": "Polygon", "coordinates": [ [ [ 7.44, 43.75 ], [ 7.41, 43.77 ], [ 7.38, 43.73 ], [ 7.44, 43.75 ] ] ] } },
{ "type": "Feature", "properties": { "ISO3": "MEX", "name": "Mexico" }, "geometry": { "type": "Polygon", "coordinates": [ [ [ -117.13, 32.53 ], [ -116.66, 31.56 ], [ -116.06, 30.8 ], [ -115.67, 29.76 ], [ -114.99, 29.38 ], [ -114.05, 28.43 ], [ -114.3, 27.87 ], [ -114.99, 27.74 ], [ -114.45, 27.22 ], [ -113.6, 26.72 ], [ -112.38, 26.21 ], [ -112.06, 25.49 ], [ -112.07, 24.84 ], [ -110.36, 23.6 ], [ -109.92, 22.89 ], [ -109.42, 23.48 ], [ -110.02, 24.17 ], [ -110.55, 24.21 ], [ -110.68, 24.79 ], [ -111.29, 25.79 ], [ -111.57, 26.71 ], [ -112.01, 26.97 ], [ -112.73, 27.83 ], [ -112.87, 28.42 ], [ -114.65, 30.24 ], [ -114.88, 31.16 ], [ -114.84, 31.8 ], [ -113.05, 31.18 ], [ -113.11, 30.79 ], [ -112.16, 29.02 ], [ -111.12, 27.97 ], [ -110.53, 27.86 ], [ -110.48, 27.32 ], [ -109.94, 27.08 ], [ -109.2, 26.31 ], [ -109.38, 25.73 ], [ -108.37, 25.19 ], [ -107.95, 24.61 ], [ -106.94, 23.88 ], [ -105.79, 22.63 ], [ -105.65, 21.99 ], [ -105.21, 21.49 ], [ -105.67, 20.39 ], [ -104.94, 19.31 ], [ -103.91, 18.83 ], [ -103.44, 18.33 ], [ -101.85, 17.92 ], [ -100.85, 17.2 ], [ -99.69, 16.72 ], [ -98.76, 16.53 ], [ -97.75, 15.97 ], [ -96.51, 15.65 ], [ -95.46, 15.97 ], [ -94.9, 16.42 ], [ -93.92, 16.05 ], [ -92.24, 14.55 ], [ -92.19, 15.32 ], [ -91.74, 16.07 ], [ -90.45, 16.07 ], [ -90.42, 16.39 ], [ -90.99, 17.25 ], [ -90.99, 17.82 ], [ -89.16, 17.81 ], [ -88.3, 18.47 ], [ -87.76, 18.45 ], [ -87.42, 19.58 ], [ -87.47, 20.1 ], [ -86.86, 20.89 ], [ -86.82, 21.42 ], [ -88.13, 21.62 ], [ -89.82, 21.27 ], [ -90.35, 21.01 ], [ -90.51, 19.91 ], [ -90.74, 19.35 ], [ -91.8, 18.47 ], [ -91.97, 18.72 ], [ -92.88, 18.47 ], [ -94.55, 18.17 ], [ -95.18, 18.7 ], [ -95.82, 18.75 ], [ -96.29, 19.34 ], [ -96.46, 19.87 ], [ -97.12, 20.61 ], [ -97.64, 21.6 ], [ -97.86, 22.62 ], [ -97.67, 24.39 ], [ -97.15, 25.96 ], [ -97.36, 25.87 ], [ -99.11, 26.45 ], [ -99.51, 27.55 ], [ -100.3, 28.33 ], [ -100.66, 29.07 ], [ -101.44, 29.78 ], [ -102.27, 29.87 ], [ -102.73, 29.64 ], [ -103.26, 29.0 ], [ -104.4, 29.57 ], [ -104.98, 30.65 ], [ -106.45, 31.77 ], [ -108.21, 31.78 ], [ -108.21, 31.33 ], [ -111.04, 31.32 ], [ -114.84, 32.51 ], [ -114.72, 32.72 ], [ -117.13, 32.53 ] ] ] } },
{ "type": "Feature", "properties": { "ISO3": "MUS", "name": "Mauritius" }, "geometry": { "type": "Polygon", "coordinates": [ [ [ 57.71, -20.43 ], [ 57.79, -20.21 ], [ 57.58, -20.0 ], [ 57.39, -20.23 ], [ 57.71, -20.43 ] ] ] } },
{ "type": "Feature", "properties": { "ISO3": "MRT", "name": "Mauritania" }, "geometry": { "type": "Polygon", "coordinates": [ [ [ -12.28, 14.81 ], [ -11.87, 15.0 ], [ -11.5, 15.64 ], [ -10.9, 15.15 ], [ -10.7, 15.42 ], [ -9.18, 15.5 ], [ -5.51, 15.5 ], [ -5.36, 16.28 ], [ -5.63, 16.57 ], [ -5.88, 18.8 ], [ -6.08, 20.54 ], [ -6.37, 23.03 ], [ -6.59, 24.99 ], [ -4.82, 25.0 ], [ -6.24, 25.85 ], [ -8.68, 27.29 ], [ -8.68, 26.0 ], [ -12.02, 26.0 ], [ -12.02, 23.47 ], [ -13.03, 23.0 ], [ -13.02, 21.33 ], [ -16.96, 21.33 ], [ -17.05, 20.81 ], [ -16.43, 20.65 ], [ -16.21, 20.23 ], [ -16.51, 19.36 ], [ -16.08, 18.52 ], [ -16.08, 17.55 ], [ -16.54, 16.29 ], [ -16.54, 15.84 ], [ -16.17, 16.55 ], [ -15.11, 16.64 ], [ -14.3, 16.58 ], [ -13.87, 16.15 ], [ -13.41, 16.06 ], [ -12.86, 15.24 ], [ -12.28, 14.81 ] ] ] } },
{ "type": "Feature", "properties": { "ISO3": "MLT", "name": "Malta" }, "geometry": { "type": "Polygon", "coordinates": [ [ [ 14.54, 35.89 ], [ 14.35, 35.98 ], [ 14.35, 35.87 ], [ 14.44, 35.82 ], [ 14.54, 35.89 ] ] ] } },
{ "type": "Feature", "properties": { "ISO3": "MLI", "name": "Mali" }, "geometry": { "type": "Polygon", "coordinates": [ [ [ -11.39, 12.4 ], [ -10.68, 11.9 ], [ -10.27, 12.21 ], [ -9.82, 12.04 ], [ -9.04, 12.4 ], [ -8.82, 11.67 ], [ -8.41, 11.39 ], [ -8.23, 10.44 ], [ -7.99, 10.16 ], [ -7.66, 10.43 ], [ -7.1, 10.2 ], [ -6.26, 10.72 ], [ -6.03, 10.19 ], [ -5.52, 10.43 ], [ -5.29, 11.83 ], [ -4.43, 12.34 ], [ -4.33, 13.12 ], [ -3.58, 13.19 ], [ -2.46, 14.27 ], [ -1.77, 14.49 ], [ -0.76, 15.05 ], [ 0.22, 14.91 ], [ 0.96, 14.99 ], [ 1.3, 15.27 ], [ 3.5, 15.36 ], [ 3.88, 15.76 ], [ 4.23, 17.0 ], [ 4.23, 19.14 ], [ 3.4, 18.99 ], [ 3.2, 19.79 ], [ 1.69, 20.38 ], [ 1.15, 21.1 ], [ -1.29, 22.7 ], [ -3.26, 23.98 ], [ -4.82, 25.0 ], [ -6.59, 24.99 ], [ -6.37, 23.03 ], [ -6.08, 20.54 ], [ -5.88, 18.8 ], [ -5.63, 16.57 ], [ -5.36, 16.28 ], [ -5.51, 15.5 ], [ -9.18, 15.5 ], [ -10.7, 15.42 ], [ -10.9, 15.15 ], [ -11.5, 15.64 ], [ -11.87, 15.0 ], [ -12.28, 14.81 ], [ -12.02, 14.21 ], [ -12.05, 13.63 ], [ -11.39, 12.94 ], [ -11.39, 12.4 ] ] ] } },
{ "type": "Feature", "properties": { "ISO3": "MDV", "name": "Maldives" }, "geometry": { "type": "Polygon", "coordinates": [ [ [ 73.52, 4.19 ], [ 73.5, 4.23 ], [ 73.47, 4.17 ], [ 73.52, 4.19 ] ] ] } },
{ "type": "Feature", "properties": { "ISO3": "MYS", "name": "Malaysia" }, "geometry": { "type": "MultiPolygon", "coordinates": [ [ [ [ 100.12, 6.44 ], [ 100.61, 4.65 ], [ 100.72, 3.97 ], [ 101.3, 3.25 ], [ 101.3, 2.89 ], [ 102.73, 1.86 ], [ 103.69, 1.45 ], [ 104.29, 1.48 ], [ 103.81, 2.58 ], [ 103.44, 2.93 ], [ 103.42, 4.85 ], [ 102.98, 5.52 ], [ 102.1, 6.24 ], [ 101.87, 5.83 ], [ 101.26, 5.79 ], [ 101.05, 6.24 ], [ 100.12, 6.44 ] ] ], [ [ [ 117.57, 4.17 ], [ 118.5, 4.36 ], [ 118.19, 4.83 ], [ 119.13, 5.1 ], [ 117.29, 6.68 ], [ 116.49, 6.52 ], [ 115.52, 5.05 ], [ 115.14, 4.9 ], [ 115.03, 4.9 ], [ 114.61, 4.02 ], [ 114.06, 4.59 ], [ 113.92, 4.24 ], [ 113.04, 3.21 ], [ 111.73, 2.85 ], [ 111.24, 2.44 ], [ 110.94, 1.52 ], [ 109.98, 1.72 ], [ 109.63, 2.03 ], [ 109.65, 1.61 ], [ 110.51, 0.86 ], [ 110.94, 1.02 ], [ 111.77, 1.0 ], [ 112.48, 1.56 ], [ 113.62, 1.24 ], [ 114.55, 1.47 ], [ 115.45, 3.03 ], [ 115.57, 3.94 ], [ 115.9, 4.35 ], [ 117.1, 4.34 ], [ 117.57, 4.17 ] ] ] ] } },
{ "type": "Feature", "properties": { "ISO3": "MWI", "name": "Malawi" }, "geometry": { "type": "Polygon", "coordinates": [ [ [ 33.2, -14.01 ], [ 33.64, -14.57 ], [ 34.33, -14.41 ], [ 34.54, -15.3 ], [ 34.25, -15.89 ], [ 34.4, -16.2 ], [ 35.17, -16.56 ], [ 35.76, -16.06 ], [ 35.85, -14.67 ], [ 35.25, -13.9 ], [ 34.56, -13.36 ], [ 34.36, -12.21 ], [ 34.66, -11.59 ], [ 34.96, -11.58 ], [ 34.6, -11.04 ], [ 34.52, -10.03 ], [ 34.32, -9.73 ], [ 32.92, -9.41 ], [ 33.35, -9.86 ], [ 33.66, -10.59 ], [ 33.26, -10.89 ], [ 33.23, -11.53 ], [ 33.4, -12.49 ], [ 33.02, -12.63 ], [ 32.97, -13.22 ], [ 32.67, -13.61 ], [ 33.2, -14.01 ] ] ] } },
{ "type": "Feature", "properties": { "ISO3": "MDG", "name": "Madagascar" }, "geometry": { "type": "Polygon", "coordinates": [ [ [ 49.48, -12.35 ], [ 48.9, -12.46 ], [ 48.8, -13.27 ], [ 48.0, -13.96 ], [ 47.81, -14.54 ], [ 46.33, -15.71 ], [ 44.48, -16.22 ], [ 44.42, -16.7 ], [ 43.98, -17.39 ], [ 44.04, -18.29 ], [ 44.45, -19.43 ], [ 44.24, -20.38 ], [ 43.8, -21.18 ], [ 43.5, -21.36 ], [ 43.27, -22.05 ], [ 43.4, -22.89 ], [ 43.72, -23.53 ], [ 43.69, -24.36 ], [ 44.04, -25.0 ], [ 45.12, -25.54 ], [ 46.73, -25.15 ], [ 47.18, -24.79 ], [ 47.56, -23.87 ], [ 47.91, -22.47 ], [ 48.61, -20.46 ], [ 49.48, -17.9 ], [ 49.44, -17.35 ], [ 49.77, -16.82 ], [ 49.74, -16.76 ], [ 49.73, -16.7 ], [ 49.84, -16.49 ], [ 49.83, -16.26 ], [ 50.48, -15.39 ], [ 50.24, -14.73 ], [ 49.94, -13.07 ], [ 49.48, -12.35 ] ] ] } },
{ "type": "Feature", "properties": { "ISO3": "MKD", "name": "North Macedonia" }, "geometry": { "type": "Polygon", "coordinates": [ [ [ 21.56, 42.25 ], [ 20.57, 41.87 ], [ 20.49, 41.27 ], [ 20.96, 40.85 ], [ 22.92, 41.34 ], [ 23.01, 41.72 ], [ 22.34, 42.31 ], [ 21.56, 42.25 ] ] ] } },
{ "type": "Feature", "properties": { "ISO3": "LUX", "name": "Luxembourg" }, "geometry": { "type": "Polygon", "coordinates": [ [ [ 6.12, 50.12 ], [ 5.79, 49.54 ], [ 6.34, 49.45 ], [ 6.12, 50.12 ] ] ] } },
{ "type": "Feature", "properties": { "ISO3": "LTU", "name": "Lithuania" }, "geometry": { "type": "Polygon", "coordinates": [ [ [ 22.77, 54.36 ], [ 23.48, 53.94 ], [ 24.77, 53.97 ], [ 25.55, 54.33 ], [ 26.59, 55.67 ], [ 24.9, 56.4 ], [ 24.12, 56.26 ], [ 22.08, 56.41 ], [ 21.05, 56.07 ], [ 21.24, 55.26 ], [ 22.83, 54.84 ], [ 22.77, 54.36 ] ] ] } },
{ "type": "Feature", "properties": { "ISO3": "LIE", "name": "Liechtenstein" }, "geometry": { "type": "Polygon", "coordinates": [ [ [ 9.58, 47.06 ], [ 9.53, 47.27 ], [ 9.49, 47.06 ], [ 9.58, 47.06 ] ] ] } },
{ "type": "Feature", "properties": { "ISO3": "LBY", "name": "Libya" }, "geometry": { "type": "Polygon", "coordinates": [ [ [ 9.52, 30.23 ], [ 9.84, 28.97 ], [ 9.92, 27.79 ], [ 9.75, 27.33 ], [ 9.86, 26.55 ], [ 9.45, 26.07 ], [ 10.0, 25.33 ], [ 10.26, 24.59 ], [ 11.54, 24.29 ], [ 11.97, 23.52 ], [ 13.48, 23.18 ], [ 14.23, 22.62 ], [ 14.98, 23.0 ], [ 15.98, 23.45 ], [ 18.23, 22.34 ], [ 21.58, 20.68 ], [ 23.98, 19.5 ], [ 23.98, 20.0 ], [ 24.98, 20.0 ], [ 24.98, 22.0 ], [ 24.98, 24.02 ], [ 24.98, 27.16 ], [ 24.98, 29.18 ], [ 24.73, 30.25 ], [ 24.97, 30.78 ], [ 24.85, 31.33 ], [ 25.15, 31.65 ], [ 24.68, 32.02 ], [ 23.29, 32.21 ], [ 23.09, 32.62 ], [ 21.64, 32.94 ], [ 20.62, 32.58 ], [ 19.93, 31.82 ], [ 20.15, 31.08 ], [ 19.71, 30.49 ], [ 18.94, 30.29 ], [ 18.19, 30.78 ], [ 17.35, 31.08 ], [ 16.12, 31.26 ], [ 15.5, 31.66 ], [ 15.18, 32.39 ], [ 13.28, 32.91 ], [ 12.28, 32.86 ], [ 11.5, 33.18 ], [ 11.5, 32.41 ], [ 10.83, 32.08 ], [ 10.11, 31.46 ], [ 10.22, 30.78 ], [ 9.52, 30.23 ] ] ] } },
{ "type": "Feature", "properties": { "ISO3": "LBR", "name": "Liberia" }, "geometry": { "type": "Polygon", "coordinates": [ [ [ -11.51, 6.91 ], [ -10.28, 6.08 ], [ -9.13, 5.05 ], [ -7.54, 4.35 ], [ -7.45, 5.84 ], [ -7.89, 6.23 ], [ -8.6, 6.51 ], [ -8.3, 7.07 ], [ -8.49, 7.56 ], [ -9.12, 7.22 ], [ -9.52, 8.35 ], [ -10.28, 8.49 ], [ -10.65, 7.76 ], [ -11.51, 6.91 ] ] ] } },
{ "type": "Feature", "properties": { "ISO3": "LSO", "name": "Lesotho" }, "geometry": { "type": "Polygon", "coordinates": [ [ [ 28.65, -30.13 ], [ 29.1, -29.92 ], [ 29.39, -29.27 ], [ 28.63, -28.58 ], [ 27.74, -28.94 ], [ 27.05, -29.66 ], [ 27.39, -30.32 ], [ 28.02, -30.64 ], [ 28.65, -30.13 ] ] ] } },
{ "type": "Feature", "properties": { "ISO3": "LBN", "name": "Lebanon" }, "geometry": { "type": "Polygon", "coordinates": [ [ [ 35.98, 34.63 ], [ 35.11, 33.08 ], [ 35.84, 33.42 ], [ 35.87, 33.43 ], [ 36.58, 34.22 ], [ 35.98, 34.63 ] ] ] } },
{ "type": "Feature", "properties": { "ISO3": "LVA", "name": "Latvia" }, "geometry": { "type": "Polygon", "coordinates": [ [ [ 26.59, 55.67 ], [ 27.58, 55.8 ], [ 28.15, 56.14 ], [ 27.8, 57.32 ], [ 27.35, 57.53 ], [ 26.53, 57.53 ], [ 25.11, 58.06 ], [ 24.32, 57.87 ], [ 24.4, 57.32 ], [ 23.65, 56.97 ], [ 22.55, 57.72 ], [ 21.73, 57.57 ], [ 21.07, 56.82 ], [ 21.05, 56.07 ], [ 22.08, 56.41 ], [ 24.12, 56.26 ], [ 24.9, 56.4 ], [ 26.59, 55.67 ] ] ] } },
{ "type": "Feature", "properties": { "ISO3": "LAO", "name": "Laos" }, "geometry": { "type": "Polygon", "coordinates": [ [ [ 102.13, 22.38 ], [ 101.74, 21.83 ], [ 101.14, 21.57 ], [ 100.25, 20.73 ], [ 100.12, 20.32 ], [ 100.54, 20.09 ], [ 100.63, 19.5 ], [ 101.15, 19.58 ], [ 101.29, 18.98 ], [ 101.05, 18.41 ], [ 101.11, 17.48 ], [ 102.1, 18.21 ], [ 102.72, 17.89 ], [ 103.37, 18.42 ], [ 103.95, 18.32 ], [ 104.82, 17.3 ], [ 104.75, 16.65 ], [ 105.05, 16.16 ], [ 105.62, 15.7 ], [ 105.48, 14.53 ], [ 105.18, 14.35 ], [ 105.9, 13.92 ], [ 105.98, 14.34 ], [ 106.5, 14.58 ], [ 106.82, 14.31 ], [ 107.52, 14.71 ], [ 107.65, 15.26 ], [ 107.19, 15.75 ], [ 107.4, 16.04 ], [ 106.7, 16.46 ], [ 106.5, 16.95 ], [ 105.69, 17.74 ], [ 105.46, 18.15 ], [ 103.9, 19.34 ], [ 104.55, 19.61 ], [ 104.93, 20.02 ], [ 104.58, 20.65 ], [ 104.05, 20.94 ], [ 103.64, 20.7 ], [ 103.1, 20.89 ], [ 102.95, 21.57 ], [ 102.13, 22.38 ] ] ] } },
{ "type": "Feature", "properties": { "ISO3": "KGZ", "name": "Kyrgyzstan" }, "geometry": { "type": "Polygon", "coordinates": [ [ [ 70.96, 40.24 ], [ 69.97, 40.2 ], [ 69.6, 39.57 ], [ 71.4, 39.6 ], [ 72.04, 39.35 ], [ 73.63, 39.45 ], [ 73.99, 40.04 ], [ 75.58, 40.61 ], [ 76.48, 40.45 ], [ 76.82, 40.98 ], [ 78.12, 41.08 ], [ 78.36, 41.37 ], [ 80.21, 42.19 ], [ 79.16, 42.76 ], [ 78.52, 42.86 ], [ 75.05, 42.9 ], [ 74.21, 43.24 ], [ 73.56, 43.0 ], [ 73.28, 42.5 ], [ 71.82, 42.82 ], [ 71.26, 42.73 ], [ 70.95, 42.25 ], [ 70.18, 41.57 ], [ 71.41, 41.14 ], [ 71.79, 41.41 ], [ 72.62, 40.88 ], [ 71.69, 40.15 ], [ 70.96, 40.24 ] ] ] } },
{ "type": "Feature", "properties": { "ISO3": "KWT", "name": "Kuwait" }, "geometry": { "type": "Polygon", "coordinates": [ [ [ 48.44, 28.54 ], [ 47.97, 29.62 ], [ 47.98, 29.98 ], [ 47.11, 29.96 ], [ 46.53, 29.1 ], [ 47.43, 28.99 ], [ 47.67, 28.53 ], [ 48.44, 28.54 ] ] ] } },
{ "type": "Feature", "properties": { "ISO3": "KOS", "name": "Kosovo" }, "geometry": { "type": "Polygon", "coordinates": [ [ [ 20.34, 42.83 ], [ 20.06, 42.55 ], [ 20.57, 41.87 ], [ 21.56, 42.25 ], [ 21.75, 42.67 ], [ 21.06, 43.09 ], [ 20.34, 42.83 ] ] ] } },
{ "type": "Feature", "properties": { "ISO3": "KIR", "name": "Kiribati" }, "geometry": { "type": "Polygon", "coordinates": [ [ [ -157.32, 1.97 ], [ -157.39, 1.93 ], [ -157.42, 1.79 ], [ -157.25, 1.73 ], [ -157.34, 1.86 ], [ -157.32, 1.97 ] ] ] } },
{ "type": "Feature", "properties": { "ISO3": "KEN", "name": "Kenya" }, "geometry": { "type": "Polygon", "coordinates": [ [ [ 33.9, -1.0 ], [ 35.84, -2.04 ], [ 37.64, -3.05 ], [ 37.8, -3.67 ], [ 39.22, -4.69 ], [ 39.49, -4.48 ], [ 40.12, -3.25 ], [ 40.22, -2.69 ], [ 40.64, -2.54 ], [ 41.0, -1.95 ], [ 41.53, -1.7 ], [ 40.98, -0.87 ], [ 40.96, 2.81 ], [ 41.88, 3.98 ], [ 41.22, 3.94 ], [ 40.77, 4.27 ], [ 39.84, 3.85 ], [ 39.49, 3.46 ], [ 38.09, 3.65 ], [ 36.91, 4.41 ], [ 36.08, 4.45 ], [ 35.76, 4.81 ], [ 35.75, 5.34 ], [ 35.27, 5.49 ], [ 33.98, 4.22 ], [ 34.39, 3.69 ], [ 34.96, 2.06 ], [ 34.79, 1.23 ], [ 34.48, 1.04 ], [ 33.94, 0.17 ], [ 33.9, -1.0 ] ] ] } },
{ "type": "Feature", "properties": { "ISO3": "KAZ", "name": "Kazakhstan" }, "geometry": { "type": "Polygon", "coordinates": [ [ [ 70.95, 42.25 ], [ 71.26, 42.73 ], [ 71.82, 42.82 ], [ 73.28, 42.5 ], [ 73.56, 43.0 ], [ 74.21, 43.24 ], [ 75.05, 42.9 ], [ 78.52, 42.86 ], [ 79.16, 42.76 ], [ 80.21, 42.19 ], [ 80.17, 42.67 ], [ 80.79, 43.16 ], [ 80.36, 44.1 ], [ 80.46, 44.75 ], [ 80.06, 45.01 ], [ 82.33, 45.52 ], [ 83.19, 47.19 ], [ 84.79, 46.83 ], [ 85.66, 47.25 ], [ 85.53, 47.92 ], [ 85.75, 48.39 ], [ 86.55, 48.53 ], [ 87.32, 49.09 ], [ 86.61, 49.61 ], [ 85.21, 49.66 ], [ 84.99, 50.06 ], [ 84.26, 50.29 ], [ 83.36, 50.99 ], [ 82.49, 50.73 ], [ 81.47, 50.74 ], [ 80.88, 51.28 ], [ 79.99, 50.77 ], [ 78.48, 52.64 ], [ 77.7, 53.38 ], [ 76.58, 53.94 ], [ 76.27, 54.31 ], [ 74.45, 53.65 ], [ 72.91, 54.11 ], [ 71.09, 54.21 ], [ 70.74, 55.31 ], [ 70.18, 55.16 ], [ 68.98, 55.39 ], [ 68.07, 54.96 ], [ 65.48, 54.62 ], [ 61.93, 53.95 ], [ 61.33, 54.05 ], [ 61.2, 53.29 ], [ 60.8, 52.74 ], [ 60.94, 52.28 ], [ 60.07, 51.98 ], [ 61.36, 51.44 ], [ 61.39, 50.86 ], [ 59.81, 50.58 ], [ 58.88, 50.69 ], [ 58.36, 51.06 ], [ 57.44, 50.89 ], [ 56.49, 51.02 ], [ 55.8, 50.6 ], [ 54.73, 51.0 ], [ 54.42, 50.78 ], [ 53.34, 51.48 ], [ 52.33, 51.68 ], [ 51.61, 51.48 ], [ 50.79, 51.73 ], [ 50.25, 51.29 ], [ 48.81, 50.6 ], [ 48.43, 49.83 ], [ 47.33, 50.27 ], [ 46.8, 49.37 ], [ 47.01, 49.1 ], [ 46.66, 48.41 ], [ 47.09, 47.95 ], [ 48.11, 47.75 ], [ 49.23, 46.34 ], [ 51.18, 47.11 ], [ 52.19, 46.84 ], [ 52.92, 46.95 ], [ 53.14, 46.19 ], [ 52.53, 45.4 ], [ 51.42, 45.36 ], [ 50.86, 44.63 ], [ 50.83, 44.19 ], [ 51.84, 42.91 ], [ 52.6, 42.76 ], [ 52.49, 41.78 ], [ 53.25, 42.21 ], [ 54.12, 42.34 ], [ 54.9, 41.92 ], [ 55.55, 41.26 ], [ 55.98, 41.32 ], [ 55.98, 44.99 ], [ 58.56, 45.56 ], [ 61.01, 44.39 ], [ 61.99, 43.49 ], [ 63.21, 43.63 ], [ 64.44, 43.55 ], [ 64.91, 43.71 ], [ 66.1, 42.99 ], [ 66.01, 42.0 ], [ 66.5, 41.99 ], [ 66.81, 41.14 ], [ 67.94, 41.2 ], [ 68.29, 40.66 ], [ 69.06, 41.37 ], [ 70.95, 42.25 ] ] ] } },
{ "type": "Feature", "properties": { "ISO3": "JOR", "name": "Jordan" }, "geometry": { "type": "Polygon", "coordinates": [ [ [ 35.79, 32.73 ], [ 35.55, 32.4 ], [ 35.45, 31.48 ], [ 34.97, 29.56 ], [ 34.95, 29.35 ], [ 36.02, 29.19 ], [ 36.76, 29.87 ], [ 37.47, 30.0 ], [ 37.98, 30.5 ], [ 36.96, 31.49 ], [ 38.96, 31.99 ], [ 39.15, 32.12 ], [ 38.77, 33.37 ], [ 36.82, 32.32 ], [ 35.79, 32.73 ] ] ] } },
{ "type": "Feature", "properties": { "ISO3": "JPN", "name": "Japan" }, "geometry": { "type": "MultiPolygon", "coordinates": [ [ [ [ 143.76, 44.13 ], [ 142.7, 44.82 ], [ 141.94, 45.51 ], [ 141.58, 45.16 ], [ 141.78, 44.72 ], [ 141.3, 43.2 ], [ 140.78, 43.21 ], [ 139.82, 42.39 ], [ 140.38, 41.52 ], [ 140.99, 42.34 ], [ 141.85, 42.58 ], [ 143.24, 42.0 ], [ 143.97, 42.88 ], [ 145.35, 43.18 ], [ 145.1, 43.76 ], [ 143.76, 44.13 ] ] ], [ [ [ 131.06, 33.67 ], [ 130.37, 33.63 ], [ 129.58, 33.24 ], [ 130.64, 32.62 ], [ 130.19, 32.09 ], [ 130.59, 31.18 ], [ 131.34, 31.4 ], [ 131.73, 32.59 ], [ 131.98, 32.84 ], [ 131.71, 33.5 ], [ 131.06, 33.67 ] ] ], [ [ [ 134.22, 34.32 ], [ 133.58, 34.02 ], [ 132.78, 33.99 ], [ 132.37, 33.51 ], [ 132.5, 32.92 ], [ 132.98, 32.84 ], [ 133.63, 33.51 ], [ 134.18, 33.25 ], [ 134.74, 33.82 ], [ 134.22, 34.32 ] ] ], [ [ [ 141.11, 41.46 ], [ 141.12, 40.88 ], [ 140.28, 40.85 ], [ 139.92, 40.6 ], [ 140.05, 39.46 ], [ 139.4, 38.14 ], [ 138.32, 37.22 ], [ 137.34, 36.77 ], [ 136.7, 36.74 ], [ 135.68, 35.5 ], [ 135.17, 35.75 ], [ 134.21, 35.54 ], [ 132.92, 35.51 ], [ 131.35, 34.41 ], [ 131.74, 34.05 ], [ 133.14, 34.3 ], [ 134.74, 34.77 ], [ 135.45, 33.55 ], [ 135.92, 33.56 ], [ 136.33, 34.18 ], [ 136.85, 34.32 ], [ 136.88, 34.81 ], [ 138.19, 34.6 ], [ 138.58, 35.09 ], [ 139.25, 35.28 ], [ 139.8, 34.96 ], [ 140.87, 35.72 ], [ 140.63, 36.5 ], [ 140.97, 37.0 ], [ 140.93, 37.95 ], [ 141.47, 38.4 ], [ 141.9, 39.11 ], [ 141.98, 39.84 ], [ 141.46, 40.61 ], [ 141.46, 41.4 ], [ 141.11, 41.46 ] ] ] ] } },
{ "type": "Feature", "properties": { "ISO3": "JAM", "name": "Jamaica" }, "geometry": { "type": "Polygon", "coordinates": [ [ [ -77.35, 18.47 ], [ -78.22, 18.45 ], [ -77.77, 17.88 ], [ -77.36, 17.83 ], [ -76.35, 18.15 ], [ -77.35, 18.47 ] ] ] } },
{ "type": "Feature", "properties": { "ISO3": "ITA", "name": "Italy" }, "geometry": { "type": "MultiPolygon", "coordinates": [ [ [ [ 7.02, 45.93 ], [ 7.15, 45.4 ], [ 6.63, 45.12 ], [ 6.97, 44.28 ], [ 7.49, 43.77 ], [ 8.08, 43.92 ], [ 8.77, 44.42 ], [ 10.05, 44.02 ], [ 10.71, 42.94 ], [ 12.63, 41.47 ], [ 13.73, 41.24 ], [ 14.1, 40.83 ], [ 14.77, 40.67 ], [ 14.95, 40.24 ], [ 15.69, 39.99 ], [ 16.2, 38.76 ], [ 17.17, 39.0 ], [ 17.11, 39.38 ], [ 16.53, 39.86 ], [ 16.93, 40.46 ], [ 17.95, 40.66 ], [ 16.01, 41.44 ], [ 15.96, 41.94 ], [ 15.17, 41.93 ], [ 14.01, 42.69 ], [ 13.56, 43.57 ], [ 12.4, 44.22 ], [ 12.52, 44.97 ], [ 12.27, 45.45 ], [ 13.21, 45.77 ], [ 13.72, 45.59 ], [ 13.4, 46.32 ], [ 13.7, 46.52 ], [ 12.39, 46.7 ], [ 12.15, 46.94 ], [ 10.45, 46.86 ], [ 9.94, 46.36 ], [ 8.46, 46.25 ], [ 7.02, 45.93 ] ], [ [ 12.44, 41.91 ], [ 12.44, 41.9 ], [ 12.43, 41.9 ], [ 12.43, 41.91 ], [ 12.44, 41.91 ] ], [ [ 12.51, 43.95 ], [ 12.49, 43.9 ], [ 12.4, 43.93 ], [ 12.44, 43.98 ], [ 12.51, 43.95 ] ] ], [ [ [ 15.63, 38.27 ], [ 13.68, 38.0 ], [ 13.35, 38.18 ], [ 12.44, 37.82 ], [ 14.5, 36.8 ], [ 15.11, 36.69 ], [ 15.1, 37.46 ], [ 15.63, 38.27 ] ] ], [ [ [ 9.57, 40.91 ], [ 9.28, 41.2 ], [ 8.19, 40.65 ], [ 8.47, 40.29 ], [ 8.42, 39.21 ], [ 9.56, 39.17 ], [ 9.81, 40.5 ], [ 9.57, 40.91 ] ] ] ] } },
{ "type": "Feature", "properties": { "ISO3": "ISR", "name": "Israel" }, "geometry": { "type": "Polygon", "coordinates": [ [ [ 35.84, 33.42 ], [ 35.11, 33.08 ], [ 34.48, 31.58 ], [ 34.25, 31.21 ], [ 34.9, 29.48 ], [ 34.97, 29.56 ], [ 35.45, 31.48 ], [ 34.95, 31.6 ], [ 34.96, 32.16 ], [ 35.55, 32.4 ], [ 35.79, 32.73 ], [ 35.82, 33.36 ], [ 35.84, 33.42 ] ] ] } },
{ "type": "Feature", "properties": { "ISO3": "PSE", "name": "Palestine" }, "geometry": { "type": "MultiPolygon", "coordinates": [ [ [ [ 34.48, 31.58 ], [ 34.2, 31.32 ], [ 34.25, 31.21 ], [ 34.48, 31.58 ] ] ], [ [ [ 35.55, 32.4 ], [ 34.96, 32.16 ], [ 34.95, 31.6 ], [ 35.45, 31.48 ], [ 35.55, 32.4 ] ] ] ] } },
{ "type": "Feature", "properties": { "ISO3": "IRL", "name": "Ireland" }, "geometry": { "type": "Polygon", "coordinates": [ [ [ -7.22, 55.09 ], [ -8.27, 55.15 ], [ -8.62, 54.35 ], [ -10.0, 54.28 ], [ -9.8, 53.39 ], [ -9.3, 53.1 ], [ -9.96, 52.14 ], [ -8.81, 51.58 ], [ -7.53, 52.1 ], [ -6.56, 52.19 ], [ -6.03, 52.93 ], [ -6.22, 54.09 ], [ -7.36, 54.12 ], [ -8.12, 54.41 ], [ -7.22, 55.09 ] ] ] } },
{ "type": "Feature", "properties": { "ISO3": "IRQ", "name": "Iraq" }, "geometry": { "type": "Polygon", "coordinates": [ [ [ 42.36, 37.11 ], [ 41.42, 36.51 ], [ 41.19, 34.77 ], [ 40.69, 34.33 ], [ 38.77, 33.37 ], [ 39.15, 32.12 ], [ 40.37, 31.94 ], [ 42.07, 31.08 ], [ 44.69, 29.2 ], [ 46.53, 29.1 ], [ 47.11, 29.96 ], [ 47.98, 29.98 ], [ 48.55, 29.96 ], [ 47.68, 31.0 ], [ 47.83, 31.79 ], [ 47.37, 32.42 ], [ 46.38, 32.93 ], [ 45.4, 33.97 ], [ 45.68, 34.8 ], [ 46.13, 35.13 ], [ 45.72, 35.84 ], [ 45.36, 36.02 ], [ 44.77, 37.14 ], [ 42.77, 37.37 ], [ 42.36, 37.11 ] ] ] } },
{ "type": "Feature", "properties": { "ISO3": "IRN", "name": "Iran" }, "geometry": { "type": "Polygon", "coordinates": [ [ [ 53.91, 37.34 ], [ 54.02, 36.95 ], [ 52.19, 36.62 ], [ 51.12, 36.74 ], [ 50.13, 37.41 ], [ 49.08, 37.67 ], [ 48.87, 38.44 ], [ 48.59, 38.41 ], [ 47.77, 39.65 ], [ 46.49, 38.91 ], [ 46.11, 38.88 ], [ 45.48, 39.01 ], [ 44.82, 39.65 ], [ 44.02, 39.38 ], [ 44.77, 37.14 ], [ 45.36, 36.02 ], [ 45.72, 35.84 ], [ 46.13, 35.13 ], [ 45.68, 34.8 ], [ 45.4, 33.97 ], [ 46.38, 32.93 ], [ 47.37, 32.42 ], [ 47.83, 31.79 ], [ 47.68, 31.0 ], [ 48.55, 29.96 ], [ 49.98, 30.21 ], [ 50.65, 29.42 ], [ 51.28, 28.13 ], [ 52.48, 27.62 ], [ 52.69, 27.32 ], [ 53.71, 26.73 ], [ 54.9, 26.56 ], [ 56.36, 27.2 ], [ 56.98, 26.91 ], [ 57.33, 25.79 ], [ 57.8, 25.65 ], [ 59.46, 25.48 ], [ 61.41, 25.1 ], [ 61.59, 25.2 ], [ 61.87, 26.24 ], [ 62.44, 26.56 ], [ 63.17, 26.67 ], [ 62.76, 27.25 ], [ 62.74, 28.0 ], [ 61.62, 28.79 ], [ 60.84, 29.86 ], [ 61.78, 30.83 ], [ 61.66, 31.38 ], [ 60.85, 31.48 ], [ 60.83, 32.25 ], [ 60.56, 33.14 ], [ 60.49, 34.09 ], [ 61.08, 34.86 ], [ 61.26, 35.62 ], [ 61.12, 36.64 ], [ 60.34, 36.64 ], [ 59.24, 37.52 ], [ 56.44, 38.25 ], [ 55.08, 37.9 ], [ 54.75, 37.5 ], [ 53.91, 37.34 ] ] ] } },
{ "type": "Feature", "properties": { "ISO3": "IDN", "name": "Indonesia" }, "geometry": { "type": "MultiPolygon", "coordinates": [ [ [ [ 99.27, -1.74 ], [ 98.87, -0.92 ], [ 98.6, -1.2 ], [ 98.87, -1.66 ], [ 99.27, -1.74 ] ] ], [ [ [ 116.73, -8.39 ], [ 116.06, -8.44 ], [ 116.38, -8.93 ], [ 116.73, -8.39 ] ] ], [ [ [ 115.34, -8.12 ], [ 114.48, -8.12 ], [ 115.24, -8.8 ], [ 115.7, -8.41 ], [ 115.34, -8.12 ] ] ], [ [ [ 106.03, -1.59 ], [ 105.59, -1.53 ], [ 105.13, -2.04 ], [ 105.79, -2.18 ], [ 106.0, -2.82 ], [ 106.55, -3.06 ], [ 106.03, -1.59 ] ] ], [ [ [ 108.29, -2.83 ], [ 107.67, -2.57 ], [ 107.61, -3.21 ], [ 108.29, -2.83 ] ] ], [ [ [ 96.25, 5.27 ], [ 95.63, 5.61 ], [ 95.21, 5.28 ], [ 95.49, 4.76 ], [ 96.44, 3.82 ], [ 96.97, 3.58 ], [ 97.59, 2.85 ], [ 97.7, 2.36 ], [ 98.56, 1.9 ], [ 99.16, 0.35 ], [ 99.6, 0.1 ], [ 100.31, -0.83 ], [ 100.85, -2.14 ], [ 101.58, -3.17 ], [ 102.54, -4.15 ], [ 103.83, -5.08 ], [ 104.6, -5.9 ], [ 105.35, -5.55 ], [ 105.82, -5.68 ], [ 105.84, -3.61 ], [ 106.04, -3.11 ], [ 105.4, -2.38 ], [ 104.67, -2.39 ], [ 104.36, -1.04 ], [ 103.72, -0.89 ], [ 103.43, -0.19 ], [ 103.48, 0.48 ], [ 102.47, 0.78 ], [ 101.78, 1.62 ], [ 101.05, 2.26 ], [ 100.46, 2.26 ], [ 99.73, 3.18 ], [ 98.31, 4.09 ], [ 98.25, 4.41 ], [ 97.55, 5.21 ], [ 96.25, 5.27 ] ] ], [ [ [ 122.82, -8.6 ], [ 121.97, -8.46 ], [ 121.44, -8.58 ], [ 120.61, -8.24 ], [ 119.81, -8.7 ], [ 121.04, -8.94 ], [ 121.65, -8.9 ], [ 122.82, -8.6 ] ] ], [ [ [ 119.97, -9.32 ], [ 119.6, -9.77 ], [ 120.44, -10.29 ], [ 120.83, -10.04 ], [ 119.97, -9.32 ] ] ], [ [ [ 118.2, -8.27 ], [ 116.84, -8.53 ], [ 117.06, -9.1 ], [ 119.01, -8.75 ], [ 118.99, -8.34 ], [ 118.2, -8.27 ] ] ], [ [ [ 124.97, 1.08 ], [ 123.85, 0.84 ], [ 122.89, 0.85 ], [ 121.59, 1.07 ], [ 120.91, 1.29 ], [ 120.27, 0.97 ], [ 119.81, 0.24 ], [ 119.77, -0.48 ], [ 119.31, -1.41 ], [ 119.32, -1.93 ], [ 118.78, -2.76 ], [ 118.99, -3.54 ], [ 119.42, -3.48 ], [ 119.62, -4.03 ], [ 119.38, -5.42 ], [ 119.72, -5.69 ], [ 120.31, -5.54 ], [ 120.44, -3.71 ], [ 120.25, -3.05 ], [ 120.65, -2.67 ], [ 121.05, -2.75 ], [ 120.91, -3.56 ], [ 121.62, -4.09 ], [ 121.49, -4.58 ], [ 121.92, -4.85 ], [ 122.88, -4.11 ], [ 122.25, -3.62 ], [ 122.4, -3.2 ], [ 121.85, -2.33 ], [ 121.72, -1.86 ], [ 122.51, -1.35 ], [ 122.89, -0.76 ], [ 121.52, -0.86 ], [ 121.03, -1.41 ], [ 120.67, -1.37 ], [ 120.1, -0.65 ], [ 120.01, -0.2 ], [ 120.35, 0.45 ], [ 123.08, 0.49 ], [ 123.75, 0.31 ], [ 124.43, 0.47 ], [ 124.97, 1.08 ] ] ], [ [ [ 107.33, -5.98 ], [ 106.83, -6.1 ], [ 106.07, -5.91 ], [ 105.48, -6.78 ], [ 106.52, -7.05 ], [ 106.63, -7.42 ], [ 107.92, -7.72 ], [ 108.74, -7.67 ], [ 110.04, -7.89 ], [ 110.61, -8.15 ], [ 112.68, -8.41 ], [ 113.25, -8.29 ], [ 114.39, -8.41 ], [ 114.44, -7.9 ], [ 114.07, -7.63 ], [ 113.25, -7.72 ], [ 112.79, -7.55 ], [ 112.54, -6.93 ], [ 110.74, -6.47 ], [ 110.43, -6.95 ], [ 108.68, -6.79 ], [ 108.3, -6.27 ], [ 107.33, -5.98 ] ] ], [ [ [ 109.63, 2.03 ], [ 109.08, 1.5 ], [ 108.94, 0.36 ], [ 109.26, 0.03 ], [ 109.16, -0.49 ], [ 110.02, -1.4 ], [ 110.23, -2.93 ], [ 111.82, -3.06 ], [ 112.28, -3.32 ], [ 113.53, -3.18 ], [ 114.54, -3.49 ], [ 114.69, -4.17 ], [ 115.96, -3.6 ], [ 116.57, -2.3 ], [ 116.55, -1.47 ], [ 117.56, -0.77 ], [ 117.52, 0.24 ], [ 117.75, 0.73 ], [ 118.98, 0.98 ], [ 117.86, 1.97 ], [ 118.07, 2.32 ], [ 117.17, 3.59 ], [ 117.63, 3.64 ], [ 117.57, 4.17 ], [ 117.1, 4.34 ], [ 115.9, 4.35 ], [ 115.57, 3.94 ], [ 115.45, 3.03 ], [ 114.55, 1.47 ], [ 113.62, 1.24 ], [ 112.48, 1.56 ], [ 111.77, 1.0 ], [ 110.94, 1.02 ], [ 110.51, 0.86 ], [ 109.65, 1.61 ], [ 109.63, 2.03 ] ] ], [ [ [ 127.68, 0.89 ], [ 127.56, 0.49 ], [ 128.69, 0.36 ], [ 128.3, 0.88 ], [ 128.7, 1.11 ], [ 128.69, 1.57 ], [ 127.68, 0.89 ] ] ], [ [ [ 129.6, -2.81 ], [ 128.2, -2.87 ], [ 128.42, -3.42 ], [ 129.84, -3.33 ], [ 130.81, -3.86 ], [ 130.86, -3.57 ], [ 130.38, -2.99 ], [ 129.6, -2.81 ] ] ], [ [ [ 126.81, -3.07 ], [ 126.03, -3.17 ], [ 126.21, -3.61 ], [ 126.69, -3.82 ], [ 127.23, -3.63 ], [ 126.81, -3.07 ] ] ], [ [ [ 124.92, -8.94 ], [ 124.44, -9.19 ], [ 124.04, -9.34 ], [ 123.59, -9.97 ], [ 123.86, -10.34 ], [ 124.43, -10.15 ], [ 125.07, -9.51 ], [ 124.92, -8.94 ] ] ], [ [ [ 138.61, -8.2 ], [ 138.99, -7.7 ], [ 138.77, -7.39 ], [ 138.01, -7.64 ], [ 137.69, -8.26 ], [ 138.3, -8.41 ], [ 138.61, -8.2 ] ] ], [ [ [ 140.97, -2.61 ], [ 139.79, -2.35 ], [ 137.81, -1.48 ], [ 137.12, -1.84 ], [ 135.49, -3.35 ], [ 135.04, -3.33 ], [ 134.16, -2.2 ], [ 134.26, -1.36 ], [ 133.97, -0.74 ], [ 133.47, -0.73 ], [ 132.63, -0.36 ], [ 131.26, -0.86 ], [ 131.29, -1.39 ], [ 131.93, -1.56 ], [ 132.31, -2.24 ], [ 133.19, -2.44 ], [ 132.35, -2.98 ], [ 132.75, -3.29 ], [ 132.97, -4.09 ], [ 133.25, -4.06 ], [ 133.65, -3.36 ], [ 135.2, -4.45 ], [ 135.98, -4.53 ], [ 137.76, -5.26 ], [ 138.25, -5.69 ], [ 138.44, -6.34 ], [ 138.86, -6.86 ], [ 138.75, -7.25 ], [ 139.09, -7.59 ], [ 138.86, -8.15 ], [ 139.93, -8.1 ], [ 140.98, -9.12 ], [ 140.98, -6.91 ], [ 140.97, -4.23 ], [ 140.97, -2.61 ] ] ] ] } },
{ "type": "Feature", "properties": { "ISO3": "IND", "name": "India" }, "geometry": { "type": "Polygon", "coordinates": [ [ [ 68.17, 23.86 ], [ 68.64, 23.19 ], [ 69.24, 22.85 ], [ 70.18, 22.57 ], [ 69.01, 22.2 ], [ 70.13, 21.09 ], [ 71.02, 20.74 ], [ 72.02, 21.16 ], [ 72.04, 21.82 ], [ 72.33, 22.27 ], [ 72.81, 21.12 ], [ 72.88, 20.56 ], [ 72.67, 19.83 ], [ 72.87, 18.68 ], [ 73.48, 16.05 ], [ 74.38, 14.49 ], [ 74.77, 13.08 ], [ 75.2, 12.06 ], [ 75.72, 11.36 ], [ 76.35, 9.92 ], [ 76.32, 9.45 ], [ 76.97, 8.41 ], [ 77.52, 8.08 ], [ 78.06, 8.38 ], [ 78.19, 8.89 ], [ 78.98, 9.27 ], [ 79.0, 9.68 ], [ 79.39, 10.31 ], [ 79.84, 10.32 ], [ 79.86, 11.99 ], [ 80.23, 12.69 ], [ 80.34, 13.36 ], [ 80.11, 14.21 ], [ 80.05, 15.07 ], [ 80.29, 15.71 ], [ 80.98, 15.76 ], [ 81.24, 16.26 ], [ 82.26, 16.56 ], [ 82.36, 17.1 ], [ 84.1, 18.29 ], [ 84.77, 19.13 ], [ 85.58, 19.69 ], [ 86.28, 19.92 ], [ 86.98, 20.7 ], [ 87.1, 21.5 ], [ 87.95, 21.83 ], [ 88.25, 21.62 ], [ 89.05, 21.65 ], [ 89.05, 22.09 ], [ 88.74, 23.44 ], [ 88.73, 24.23 ], [ 88.15, 24.49 ], [ 88.45, 25.57 ], [ 88.08, 25.89 ], [ 88.44, 26.37 ], [ 89.82, 25.94 ], [ 89.81, 25.31 ], [ 90.44, 25.16 ], [ 92.05, 25.17 ], [ 92.25, 24.9 ], [ 91.88, 24.2 ], [ 91.37, 24.09 ], [ 91.16, 23.66 ], [ 91.62, 22.98 ], [ 92.25, 23.68 ], [ 92.57, 21.98 ], [ 92.96, 22.0 ], [ 93.08, 22.72 ], [ 93.37, 23.13 ], [ 93.31, 24.02 ], [ 94.13, 23.88 ], [ 94.71, 25.05 ], [ 94.62, 25.41 ], [ 95.13, 26.04 ], [ 95.13, 26.6 ], [ 96.06, 27.22 ], [ 96.67, 27.34 ], [ 97.34, 27.94 ], [ 97.32, 28.22 ], [ 96.6, 28.46 ], [ 96.44, 29.05 ], [ 96.04, 29.45 ], [ 95.42, 29.05 ], [ 94.62, 29.31 ], [ 93.9, 28.8 ], [ 93.21, 28.59 ], [ 92.66, 27.95 ], [ 91.63, 27.76 ], [ 92.08, 27.29 ], [ 92.0, 26.85 ], [ 89.76, 26.7 ], [ 88.86, 26.96 ], [ 88.89, 27.32 ], [ 88.62, 28.09 ], [ 88.11, 27.87 ], [ 88.05, 26.43 ], [ 87.29, 26.36 ], [ 87.02, 26.56 ], [ 85.29, 26.74 ], [ 84.09, 27.49 ], [ 83.29, 27.37 ], [ 81.85, 27.87 ], [ 80.59, 28.65 ], [ 80.07, 28.83 ], [ 80.4, 29.73 ], [ 81.01, 30.16 ], [ 80.19, 30.76 ], [ 79.57, 30.95 ], [ 79.11, 31.4 ], [ 78.39, 32.52 ], [ 79.22, 32.5 ], [ 79.11, 33.23 ], [ 78.8, 33.5 ], [ 78.94, 34.35 ], [ 78.28, 34.65 ], [ 77.8, 35.5 ], [ 77.05, 35.11 ], [ 76.59, 34.74 ], [ 75.71, 34.5 ], [ 74.3, 34.77 ], [ 73.96, 34.65 ], [ 74.15, 33.51 ], [ 73.99, 33.24 ], [ 74.66, 32.52 ], [ 75.33, 32.28 ], [ 74.51, 31.71 ], [ 74.63, 31.03 ], [ 73.38, 29.93 ], [ 72.9, 29.03 ], [ 72.34, 28.75 ], [ 71.87, 27.96 ], [ 70.74, 27.73 ], [ 70.4, 28.03 ], [ 69.57, 27.17 ], [ 69.47, 26.8 ], [ 70.16, 26.47 ], [ 70.08, 26.07 ], [ 70.65, 25.42 ], [ 71.05, 24.69 ], [ 69.72, 24.17 ], [ 68.73, 24.27 ], [ 68.17, 23.86 ] ] ] } },
{ "type": "Feature", "properties": { "ISO3": "ISL", "name": "Iceland" }, "geometry": { "type": "Polygon", "coordinates": [ [ [ -15.65, 66.26 ], [ -18.78, 66.17 ], [ -21.3, 65.88 ], [ -22.43, 66.43 ], [ -23.53, 66.16 ], [ -24.22, 65.49 ], [ -22.01, 65.49 ], [ -21.91, 65.4 ], [ -22.47, 65.23 ], [ -22.4, 65.16 ], [ -22.04, 65.13 ], [ -21.78, 65.19 ], [ -21.8, 65.11 ], [ -21.83, 65.08 ], [ -21.89, 65.05 ], [ -22.68, 65.03 ], [ -21.83, 64.21 ], [ -20.2, 63.56 ], [ -18.65, 63.41 ], [ -16.64, 63.87 ], [ -14.55, 64.45 ], [ -14.47, 64.64 ], [ -14.14, 64.71 ], [ -13.85, 64.86 ], [ -13.78, 65.01 ], [ -13.65, 65.02 ], [ -13.6, 65.04 ], [ -13.57, 65.07 ], [ -13.62, 65.49 ], [ -14.76, 65.76 ], [ -15.65, 66.26 ] ] ] } },
{ "type": "Feature", "properties": { "ISO3": "HUN", "name": "Hungary" }, "geometry": { "type": "Polygon", "coordinates": [ [ [ 22.13, 48.41 ], [ 20.49, 48.53 ], [ 19.9, 48.13 ], [ 17.76, 47.77 ], [ 17.15, 48.01 ], [ 16.09, 46.86 ], [ 16.52, 46.5 ], [ 17.96, 45.77 ], [ 18.91, 45.93 ], [ 20.24, 46.11 ], [ 21.15, 46.3 ], [ 22.29, 47.73 ], [ 22.88, 47.95 ], [ 22.13, 48.41 ] ] ] } },
{ "type": "Feature", "properties": { "ISO3": "HND", "name": "Honduras" }, "geometry": { "type": "Polygon", "coordinates": [ [ [ -83.16, 14.99 ], [ -83.76, 15.22 ], [ -84.26, 15.82 ], [ -85.78, 16.0 ], [ -86.36, 15.78 ], [ -87.62, 15.91 ], [ -88.23, 15.73 ], [ -89.22, 14.87 ], [ -89.36, 14.42 ], [ -88.51, 13.98 ], [ -87.72, 13.81 ], [ -87.81, 13.4 ], [ -87.34, 12.98 ], [ -86.71, 13.31 ], [ -86.73, 13.76 ], [ -86.15, 13.99 ], [ -85.79, 13.84 ], [ -84.65, 14.66 ], [ -83.16, 14.99 ] ] ] } },
{ "type": "Feature", "properties": { "ISO3": "HTI", "name": "Haiti" }, "geometry": { "type": "Polygon", "coordinates": [ [ [ -71.78, 19.72 ], [ -72.64, 19.9 ], [ -72.79, 18.43 ], [ -74.23, 18.66 ], [ -73.88, 18.04 ], [ -73.39, 18.25 ], [ -72.06, 18.23 ], [ -71.77, 18.04 ], [ -71.66, 19.13 ], [ -71.78, 19.72 ] ] ] } },
{ "type": "Feature", "properties": { "ISO3": "GUY", "name": "Guyana" }, "geometry": { "type": "Polygon", "coordinates": [ [ [ -60.74, 5.2 ], [ -59.99, 5.08 ], [ -59.55, 3.93 ], [ -59.85, 3.59 ], [ -59.99, 2.69 ], [ -59.76, 1.9 ], [ -58.86, 1.2 ], [ -58.34, 1.59 ], [ -57.59, 1.7 ], [ -57.12, 2.01 ], [ -56.48, 1.94 ], [ -56.7, 2.04 ], [ -58.05, 4.17 ], [ -57.71, 4.99 ], [ -57.33, 5.02 ], [ -57.19, 5.55 ], [ -57.19, 6.1 ], [ -57.98, 6.79 ], [ -58.48, 7.04 ], [ -58.63, 7.55 ], [ -59.2, 8.07 ], [ -60.02, 8.55 ], [ -60.03, 8.05 ], [ -60.72, 7.5 ], [ -60.4, 6.95 ], [ -61.15, 6.69 ], [ -61.38, 5.91 ], [ -60.74, 5.2 ] ] ] } },
{ "type": "Feature", "properties": { "ISO3": "GNB", "name": "Guinea-Bissau" }, "geometry": { "type": "Polygon", "coordinates": [ [ [ -16.71, 12.35 ], [ -16.14, 11.92 ], [ -15.5, 11.72 ], [ -15.04, 10.94 ], [ -14.68, 11.51 ], [ -13.73, 11.74 ], [ -13.73, 12.67 ], [ -15.2, 12.68 ], [ -15.57, 12.49 ], [ -16.71, 12.35 ] ] ] } },
{ "type": "Feature", "properties": { "ISO3": "GIN", "name": "Guinea" }, "geometry": { "type": "Polygon", "coordinates": [ [ [ -10.28, 8.49 ], [ -9.52, 8.35 ], [ -9.12, 7.22 ], [ -8.49, 7.56 ], [ -8.23, 7.56 ], [ -7.82, 8.47 ], [ -7.99, 10.16 ], [ -8.23, 10.44 ], [ -8.41, 11.39 ], [ -8.82, 11.67 ], [ -9.04, 12.4 ], [ -9.82, 12.04 ], [ -10.27, 12.21 ], [ -10.68, 11.9 ], [ -11.39, 12.4 ], [ -12.29, 12.33 ], [ -13.08, 12.63 ], [ -13.73, 12.67 ], [ -13.73, 11.74 ], [ -14.68, 11.51 ], [ -15.04, 10.94 ], [ -14.78, 10.93 ], [ -14.43, 10.25 ], [ -13.7, 9.85 ], [ -13.29, 9.05 ], [ -12.76, 9.37 ], [ -12.5, 9.86 ], [ -11.21, 9.98 ], [ -10.69, 9.31 ], [ -10.28, 8.49 ] ] ] } },
{ "type": "Feature", "properties": { "ISO3": "GTM", "name": "Guatemala" }, "geometry": { "type": "Polygon", "coordinates": [ [ [ -92.24, 14.55 ], [ -91.15, 13.93 ], [ -90.1, 13.74 ], [ -89.36, 14.42 ], [ -89.22, 14.87 ], [ -88.23, 15.73 ], [ -88.89, 15.89 ], [ -89.24, 15.89 ], [ -89.16, 17.81 ], [ -90.99, 17.82 ], [ -90.99, 17.25 ], [ -90.42, 16.39 ], [ -90.45, 16.07 ], [ -91.74, 16.07 ], [ -92.19, 15.32 ], [ -92.24, 14.55 ] ] ] } },
{ "type": "Feature", "properties": { "ISO3": "GRD", "name": "Grenada" }, "geometry": { "type": "Polygon", "coordinates": [ [ [ -61.63, 12.05 ], [ -61.61, 12.22 ], [ -61.71, 12.19 ], [ -61.76, 12.05 ], [ -61.63, 12.05 ] ] ] } },
{ "type": "Feature", "properties": { "ISO3": "GRC", "name": "Greece" }, "geometry": { "type": "Polygon", "coordinates": [ [ [ 26.32, 41.72 ], [ 26.16, 41.43 ], [ 25.25, 41.24 ], [ 24.06, 41.53 ], [ 22.92, 41.34 ], [ 20.96, 40.85 ], [ 20.66, 40.12 ], [ 20.0, 39.71 ], [ 20.78, 39.01 ], [ 21.15, 37.92 ], [ 21.57, 37.54 ], [ 21.58, 37.08 ], [ 23.07, 36.77 ], [ 23.19, 37.96 ], [ 23.97, 38.28 ], [ 23.25, 38.66 ], [ 22.63, 40.5 ], [ 23.66, 40.22 ], [ 24.38, 40.91 ], [ 25.1, 40.99 ], [ 26.04, 40.73 ], [ 26.62, 41.4 ], [ 26.32, 41.72 ] ] ] } },
{ "type": "Feature", "properties": { "ISO3": "GHA", "name": "Ghana" }, "geometry": { "type": "Polygon", "coordinates": [ [ [ -0.07, 11.12 ], [ -0.7, 10.99 ], [ -2.83, 11.0 ], [ -2.7, 9.48 ], [ -2.51, 8.21 ], [ -2.79, 7.93 ], [ -3.24, 6.81 ], [ -3.2, 6.35 ], [ -2.8, 5.18 ], [ -3.02, 5.13 ], [ -3.09, 5.13 ], [ -3.11, 5.09 ], [ -2.0, 4.76 ], [ -0.8, 5.23 ], [ 0.26, 5.76 ], [ 0.95, 5.81 ], [ 1.19, 6.09 ], [ 0.53, 6.85 ], [ 0.63, 7.35 ], [ 0.42, 8.65 ], [ 0.53, 9.36 ], [ 0.26, 9.5 ], [ 0.36, 10.24 ], [ -0.06, 10.63 ], [ -0.07, 11.12 ] ] ] } },
{ "type": "Feature", "properties": { "ISO3": "DEU", "name": "Germany" }, "geometry": { "type": "Polygon", "coordinates": [ [ [ 9.52, 47.52 ], [ 11.3, 47.42 ], [ 12.69, 47.67 ], [ 12.81, 48.16 ], [ 13.81, 48.77 ], [ 12.63, 49.46 ], [ 12.45, 50.35 ], [ 14.37, 50.9 ], [ 14.81, 50.86 ], [ 15.02, 51.25 ], [ 14.6, 51.83 ], [ 14.62, 52.53 ], [ 14.13, 52.88 ], [ 14.26, 53.73 ], [ 12.58, 54.47 ], [ 11.4, 53.94 ], [ 9.74, 54.83 ], [ 8.67, 54.9 ], [ 8.9, 53.84 ], [ 8.54, 53.56 ], [ 7.29, 53.68 ], [ 7.2, 53.28 ], [ 7.04, 52.38 ], [ 6.19, 51.49 ], [ 5.99, 50.75 ], [ 6.12, 50.12 ], [ 6.34, 49.45 ], [ 6.74, 49.16 ], [ 8.13, 48.97 ], [ 7.58, 48.06 ], [ 7.62, 47.59 ], [ 8.62, 47.77 ], [ 9.52, 47.52 ] ] ] } },
{ "type": "Feature", "properties": { "ISO3": "GEO", "name": "Georgia" }, "geometry": { "type": "Polygon", "coordinates": [ [ [ 43.44, 41.11 ], [ 45.0, 41.29 ], [ 45.28, 41.45 ], [ 46.46, 41.07 ], [ 46.43, 41.89 ], [ 45.73, 42.48 ], [ 44.87, 42.76 ], [ 43.78, 42.75 ], [ 42.42, 43.22 ], [ 41.58, 43.22 ], [ 40.65, 43.53 ], [ 39.98, 43.42 ], [ 41.49, 42.66 ], [ 41.76, 41.97 ], [ 41.51, 41.52 ], [ 42.79, 41.56 ], [ 43.44, 41.11 ] ] ] } },
{ "type": "Feature", "properties": { "ISO3": "GMB", "name": "Gambia" }, "geometry": { "type": "Polygon", "coordinates": [ [ [ -16.56, 13.59 ], [ -16.76, 13.06 ], [ -15.83, 13.16 ], [ -15.51, 13.59 ], [ -16.56, 13.59 ] ] ] } },
{ "type": "Feature", "properties": { "ISO3": "GAB", "name": "Gabon" }, "geometry": { "type": "Polygon", "coordinates": [ [ [ 13.29, 2.16 ], [ 13.22, 2.26 ], [ 11.35, 2.3 ], [ 11.33, 2.17 ], [ 11.34, 1.0 ], [ 9.59, 1.03 ], [ 9.3, -0.35 ], [ 8.82, -0.71 ], [ 9.27, -1.83 ], [ 9.76, -2.52 ], [ 10.35, -3.01 ], [ 11.13, -3.92 ], [ 11.93, -3.32 ], [ 11.54, -2.84 ], [ 11.58, -2.4 ], [ 12.99, -2.31 ], [ 14.09, -2.47 ], [ 14.38, -1.89 ], [ 14.48, -0.62 ], [ 13.86, -0.2 ], [ 13.88, 0.19 ], [ 14.43, 0.81 ], [ 14.18, 1.37 ], [ 13.27, 1.24 ], [ 13.29, 2.16 ] ] ] } },
{ "type": "Feature", "properties": { "ISO3": "FRA", "name": "France" }, "geometry": { "type": "MultiPolygon", "coordinates": [ [ [ [ 9.48, 42.86 ], [ 8.71, 42.55 ], [ 8.81, 41.59 ], [ 9.55, 42.13 ], [ 9.48, 42.86 ] ] ], [ [ [ 7.62, 47.59 ], [ 7.58, 48.06 ], [ 8.13, 48.97 ], [ 6.74, 49.16 ], [ 6.34, 49.45 ], [ 5.79, 49.54 ], [ 4.87, 49.79 ], [ 4.17, 50.25 ], [ 2.84, 50.71 ], [ 2.52, 51.1 ], [ 1.58, 50.74 ], [ 1.25, 50.0 ], [ 0.19, 49.7 ], [ -0.16, 49.3 ], [ -1.14, 49.39 ], [ -1.44, 48.64 ], [ -3.23, 48.84 ], [ -4.72, 48.54 ], [ -4.31, 47.82 ], [ -3.16, 47.69 ], [ -2.02, 47.04 ], [ -1.79, 46.51 ], [ -1.15, 46.31 ], [ -1.07, 45.81 ], [ -1.48, 43.56 ], [ -1.79, 43.41 ], [ -1.29, 43.06 ], [ -0.04, 42.69 ], [ 1.43, 42.6 ], [ 1.71, 42.5 ], [ 2.03, 42.35 ], [ 3.21, 42.43 ], [ 3.05, 42.92 ], [ 4.05, 43.59 ], [ 6.12, 43.07 ], [ 7.38, 43.73 ], [ 7.41, 43.77 ], [ 7.44, 43.75 ], [ 7.49, 43.77 ], [ 6.97, 44.28 ], [ 6.63, 45.12 ], [ 7.15, 45.4 ], [ 7.02, 45.93 ], [ 6.76, 46.42 ], [ 6.06, 46.43 ], [ 7.0, 47.32 ], [ 7.62, 47.59 ] ] ], [ [ [ -54.62, 2.33 ], [ -54.13, 2.12 ], [ -53.77, 2.35 ], [ -52.96, 2.18 ], [ -52.7, 2.36 ], [ -51.99, 3.7 ], [ -51.65, 4.06 ], [ -52.29, 4.94 ], [ -52.9, 5.43 ], [ -53.85, 5.78 ], [ -54.16, 5.36 ], [ -54.45, 5.01 ], [ -54.35, 4.05 ], [ -53.99, 3.59 ], [ -54.2, 2.82 ], [ -54.62, 2.33 ] ] ] ] } },
{ "type": "Feature", "properties": { "ISO3": "SPM", "name": "St. Pierre and Miquelon" }, "geometry": { "type": "Polygon", "coordinates": [ [ [ -56.26, 46.86 ], [ -56.31, 46.95 ], [ -56.29, 47.07 ], [ -56.39, 47.07 ], [ -56.33, 46.92 ], [ -56.26, 46.86 ] ] ] } },
{ "type": "Feature", "properties": { "ISO3": "WLF", "name": "Wallis and Futuna Is." }, "geometry": { "type": "Polygon", "coordinates": [ [ [ -178.04, -14.3 ], [ -178.11, -14.28 ], [ -178.14, -14.24 ], [ -178.19, -14.26 ], [ -178.16, -14.31 ], [ -178.1, -14.32 ], [ -178.04, -14.3 ] ] ] } },
{ "type": "Feature", "properties": { "ISO3": "MAF", "name": "St-Martin" }, "geometry": { "type": "Polygon", "coordinates": [ [ [ -63.01, 18.07 ], [ -63.06, 18.12 ], [ -63.12, 18.07 ], [ -63.01, 18.07 ] ] ] } },
{ "type": "Feature", "properties": { "ISO3": "BLM", "name": "St-Barthélemy" }, "geometry": { "type": "Polygon", "coordinates": [ [ [ -62.82, 17.89 ], [ -62.8, 17.91 ], [ -62.87, 17.92 ], [ -62.85, 17.88 ], [ -62.82, 17.89 ] ] ] } },
{ "type": "Feature", "properties": { "ISO3": "PYF", "name": "Fr. Polynesia" }, "geometry": { "type": "Polygon", "coordinates": [ [ [ -149.33, -17.59 ], [ -149.61, -17.53 ], [ -149.58, -17.73 ], [ -149.33, -17.59 ] ] ] } },
{ "type": "Feature", "properties": { "ISO3": "NCL", "name": "New Caledonia" }, "geometry": { "type": "Polygon", "coordinates": [ [ [ 164.06, -20.14 ], [ 164.45, -20.83 ], [ 165.24, -21.53 ], [ 166.77, -22.38 ], [ 166.94, -22.09 ], [ 165.66, -21.27 ], [ 165.19, -20.77 ], [ 164.06, -20.14 ] ] ] } },
{ "type": "Feature", "properties": { "ISO3": "ATF", "name": "Fr. S. Antarctic Lands" }, "geometry": { "type": "Polygon", "coordinates": [ [ [ 69.05, -49.08 ], [ 68.87, -49.44 ], [ 69.61, -49.65 ], [ 69.92, -49.35 ], [ 69.05, -49.08 ] ] ] } },
{ "type": "Feature", "properties": { "ISO3": "ALA", "name": "Åland" }, "geometry": { "type": "Polygon", "coordinates": [ [ [ 19.94, 60.36 ], [ 19.69, 60.27 ], [ 19.75, 60.1 ], [ 20.26, 60.26 ], [ 19.94, 60.36 ] ] ] } },
{ "type": "Feature", "properties": { "ISO3": "FIN", "name": "Finland" }, "geometry": { "type": "Polygon", "coordinates": [ [ [ 24.16, 65.81 ], [ 25.35, 65.48 ], [ 25.26, 65.14 ], [ 25.34, 65.1 ], [ 25.36, 65.07 ], [ 25.37, 65.01 ], [ 24.56, 64.8 ], [ 23.25, 63.9 ], [ 21.1, 62.62 ], [ 21.61, 61.59 ], [ 21.44, 60.6 ], [ 23.72, 59.97 ], [ 25.66, 60.33 ], [ 27.8, 60.54 ], [ 29.69, 61.55 ], [ 31.29, 62.57 ], [ 31.18, 63.21 ], [ 30.06, 63.69 ], [ 30.5, 64.02 ], [ 29.6, 64.97 ], [ 29.62, 65.04 ], [ 29.72, 65.08 ], [ 29.81, 65.11 ], [ 29.63, 65.22 ], [ 29.72, 65.62 ], [ 30.1, 65.68 ], [ 29.9, 66.09 ], [ 29.09, 66.97 ], [ 29.94, 67.55 ], [ 28.47, 68.49 ], [ 28.75, 68.77 ], [ 28.71, 68.87 ], [ 28.45, 68.87 ], [ 28.41, 68.9 ], [ 28.57, 68.93 ], [ 28.97, 69.02 ], [ 29.14, 69.67 ], [ 27.89, 70.06 ], [ 26.01, 69.65 ], [ 25.75, 68.99 ], [ 25.58, 68.89 ], [ 25.48, 68.88 ], [ 25.36, 68.86 ], [ 24.94, 68.59 ], [ 22.41, 68.72 ], [ 22.3, 68.86 ], [ 22.08, 68.99 ], [ 21.99, 69.04 ], [ 21.62, 69.27 ], [ 20.62, 69.04 ], [ 20.9, 68.98 ], [ 20.92, 68.91 ], [ 21.18, 68.83 ], [ 21.47, 68.69 ], [ 22.0, 68.52 ], [ 22.78, 68.39 ], [ 23.64, 67.95 ], [ 23.47, 67.45 ], [ 23.99, 66.81 ], [ 24.16, 65.81 ] ] ] } },
{ "type": "Feature", "properties": { "ISO3": "FJI", "name": "Fiji" }, "geometry": { "type": "MultiPolygon", "coordinates": [ [ [ [ 180.0, -16.15 ], [ 178.81, -16.63 ], [ 178.58, -16.62 ], [ 178.51, -16.73 ], [ 178.5, -16.79 ], [ 178.6, -16.8 ], [ 178.71, -16.98 ], [ 179.01, -16.9 ], [ 179.06, -16.81 ], [ 179.2, -16.71 ], [ 179.32, -16.72 ], [ 179.35, -16.77 ], [ 179.38, -16.79 ], [ 179.42, -16.81 ], [ 179.59, -16.79 ], [ 179.71, -16.74 ], [ 179.93, -16.74 ], [ 180.0, -16.15 ] ] ], [ [ [ 178.25, -17.33 ], [ 177.62, -17.46 ], [ 177.32, -18.08 ], [ 177.85, -18.25 ], [ 178.67, -18.08 ], [ 178.25, -17.33 ] ] ], [ [ [ -180.0, -16.82 ], [ -180.0, -16.79 ], [ -180.0, -16.79 ], [ -179.86, -16.69 ], [ -179.82, -16.77 ], [ -179.87, -16.85 ], [ -179.97, -16.92 ], [ -180.0, -16.96 ], [ -180.0, -16.91 ], [ -180.0, -16.82 ] ] ] ] } },
{ "type": "Feature", "properties": { "ISO3": "ETH", "name": "Ethiopia" }, "geometry": { "type": "Polygon", "coordinates": [ [ [ 35.27, 5.49 ], [ 35.75, 5.34 ], [ 35.76, 4.81 ], [ 36.08, 4.45 ], [ 36.91, 4.41 ], [ 38.09, 3.65 ], [ 39.49, 3.46 ], [ 39.84, 3.85 ], [ 40.77, 4.27 ], [ 41.22, 3.94 ], [ 41.88, 3.98 ], [ 42.79, 4.29 ], [ 43.02, 4.56 ], [ 44.03, 4.95 ], [ 44.94, 4.91 ], [ 45.93, 6.0 ], [ 47.98, 8.0 ], [ 46.98, 8.0 ], [ 44.02, 8.99 ], [ 43.48, 9.38 ], [ 42.66, 10.62 ], [ 42.92, 11.0 ], [ 41.8, 10.98 ], [ 41.77, 11.59 ], [ 42.38, 12.47 ], [ 40.77, 14.14 ], [ 40.22, 14.43 ], [ 39.07, 14.63 ], [ 38.5, 14.42 ], [ 37.88, 14.85 ], [ 37.57, 14.15 ], [ 37.26, 14.45 ], [ 36.52, 14.26 ], [ 36.11, 12.73 ], [ 35.6, 12.54 ], [ 35.11, 11.82 ], [ 34.93, 10.86 ], [ 34.28, 10.53 ], [ 34.08, 9.46 ], [ 34.09, 8.58 ], [ 33.23, 8.4 ], [ 33.01, 7.95 ], [ 33.67, 7.67 ], [ 34.71, 6.66 ], [ 35.27, 5.49 ] ] ] } },
{ "type": "Feature", "properties": { "ISO3": "EST", "name": "Estonia" }, "geometry": { "type": "Polygon", "coordinates": [ [ [ 27.35, 57.53 ], [ 27.75, 57.84 ], [ 27.46, 58.84 ], [ 28.01, 59.48 ], [ 25.51, 59.64 ], [ 23.49, 59.2 ], [ 23.77, 58.36 ], [ 24.32, 57.87 ], [ 25.11, 58.06 ], [ 26.53, 57.53 ], [ 27.35, 57.53 ] ] ] } },
{ "type": "Feature", "properties": { "ISO3": "ERI", "name": "Eritrea" }, "geometry": { "type": "Polygon", "coordinates": [ [ [ 36.52, 14.26 ], [ 37.26, 14.45 ], [ 37.57, 14.15 ], [ 37.88, 14.85 ], [ 38.5, 14.42 ], [ 39.07, 14.63 ], [ 40.22, 14.43 ], [ 40.77, 14.14 ], [ 42.38, 12.47 ], [ 43.12, 12.71 ], [ 42.8, 12.86 ], [ 42.25, 13.59 ], [ 41.66, 13.98 ], [ 41.18, 14.62 ], [ 40.2, 15.01 ], [ 39.51, 15.53 ], [ 39.14, 16.73 ], [ 38.61, 18.01 ], [ 38.25, 17.58 ], [ 37.41, 17.06 ], [ 37.01, 17.06 ], [ 36.91, 16.3 ], [ 36.43, 15.13 ], [ 36.52, 14.26 ] ] ] } },
{ "type": "Feature", "properties": { "ISO3": "GNQ", "name": "Eq. Guinea" }, "geometry": { "type": "Polygon", "coordinates": [ [ [ 11.33, 2.17 ], [ 9.98, 2.17 ], [ 9.8, 2.3 ], [ 9.59, 1.03 ], [ 11.34, 1.0 ], [ 11.33, 2.17 ] ] ] } },
{ "type": "Feature", "properties": { "ISO3": "SLV", "name": "El Salvador" }, "geometry": { "type": "Polygon", "coordinates": [ [ [ -89.36, 14.42 ], [ -90.1, 13.74 ], [ -88.51, 13.18 ], [ -87.81, 13.4 ], [ -87.72, 13.81 ], [ -88.51, 13.98 ], [ -89.36, 14.42 ] ] ] } },
{ "type": "Feature", "properties": { "ISO3": "EGY", "name": "Egypt" }, "geometry": { "type": "Polygon", "coordinates": [ [ [ 36.87, 22.0 ], [ 35.7, 22.95 ], [ 35.52, 23.44 ], [ 35.62, 24.07 ], [ 35.19, 24.48 ], [ 33.96, 26.65 ], [ 33.55, 27.9 ], [ 34.4, 28.02 ], [ 34.9, 29.48 ], [ 34.25, 31.21 ], [ 34.2, 31.32 ], [ 33.67, 31.13 ], [ 32.1, 31.09 ], [ 31.19, 31.59 ], [ 30.4, 31.46 ], [ 29.07, 30.83 ], [ 27.25, 31.38 ], [ 25.15, 31.65 ], [ 24.85, 31.33 ], [ 24.97, 30.78 ], [ 24.73, 30.25 ], [ 24.98, 29.18 ], [ 24.98, 27.16 ], [ 24.98, 24.02 ], [ 24.98, 22.0 ], [ 28.04, 22.0 ], [ 31.43, 22.0 ], [ 33.92, 22.0 ], [ 36.87, 22.0 ] ] ] } },
{ "type": "Feature", "properties": { "ISO3": "ECU", "name": "Ecuador" }, "geometry": { "type": "Polygon", "coordinates": [ [ [ -75.28, -0.11 ], [ -76.31, 0.45 ], [ -76.49, 0.24 ], [ -77.42, 0.42 ], [ -77.47, 0.64 ], [ -78.86, 1.46 ], [ -78.9, 1.21 ], [ -80.09, 0.78 ], [ -80.13, -0.01 ], [ -80.9, -1.08 ], [ -80.77, -2.08 ], [ -80.45, -2.63 ], [ -79.73, -2.58 ], [ -79.92, -3.09 ], [ -80.32, -3.39 ], [ -80.18, -3.88 ], [ -79.08, -4.99 ], [ -78.42, -3.78 ], [ -77.86, -2.98 ], [ -76.68, -2.56 ], [ -75.57, -1.53 ], [ -75.26, -0.56 ], [ -75.28, -0.11 ] ] ] } },
{ "type": "Feature", "properties": { "ISO3": "DOM", "name": "Dominican Rep." }, "geometry": { "type": "Polygon", "coordinates": [ [ [ -71.77, 18.04 ], [ -71.4, 17.65 ], [ -71.03, 18.27 ], [ -70.18, 18.25 ], [ -69.77, 18.44 ], [ -68.93, 18.41 ], [ -68.68, 18.9 ], [ -69.74, 19.3 ], [ -70.13, 19.64 ], [ -70.95, 19.91 ], [ -71.78, 19.72 ], [ -71.66, 19.13 ], [ -71.77, 18.04 ] ] ] } },
{ "type": "Feature", "properties": { "ISO3": "DMA", "name": "Dominica" }, "geometry": { "type": "Polygon", "coordinates": [ [ [ -61.25, 15.37 ], [ -61.32, 15.59 ], [ -61.48, 15.53 ], [ -61.38, 15.23 ], [ -61.25, 15.37 ] ] ] } },
{ "type": "Feature", "properties": { "ISO3": "DJI", "name": "Djibouti" }, "geometry": { "type": "Polygon", "coordinates": [ [ [ 43.25, 11.5 ], [ 42.8, 11.74 ], [ 43.41, 12.19 ], [ 43.12, 12.71 ], [ 42.38, 12.47 ], [ 41.77, 11.59 ], [ 41.8, 10.98 ], [ 42.92, 11.0 ], [ 43.25, 11.5 ] ] ] } },
{ "type": "Feature", "properties": { "ISO3": "GRL", "name": "Greenland" }, "geometry": { "type": "MultiPolygon", "coordinates": [ [ [ [ -30.7, 83.59 ], [ -43.19, 83.26 ], [ -48.86, 82.41 ], [ -58.72, 82.09 ], [ -62.99, 81.21 ], [ -67.0, 80.41 ], [ -64.79, 80.0 ], [ -65.97, 79.13 ], [ -72.4, 78.5 ], [ -72.82, 78.19 ], [ -69.35, 77.47 ], [ -70.86, 77.18 ], [ -69.37, 76.33 ], [ -66.83, 75.97 ], [ -63.44, 76.34 ], [ -58.52, 75.69 ], [ -58.6, 75.39 ], [ -56.8, 74.67 ], [ -56.1, 73.56 ], [ -54.74, 72.87 ], [ -55.6, 72.45 ], [ -55.59, 71.55 ], [ -51.13, 70.97 ], [ -54.01, 70.42 ], [ -52.25, 70.06 ], [ -50.5, 69.94 ], [ -51.08, 69.21 ], [ -50.54, 69.25 ], [ -50.39, 69.14 ], [ -51.08, 69.13 ], [ -51.16, 68.94 ], [ -51.25, 68.74 ], [ -53.04, 68.61 ], [ -53.88, 67.14 ], [ -53.04, 66.83 ], [ -53.63, 66.41 ], [ -52.26, 65.15 ], [ -52.24, 65.06 ], [ -52.12, 64.8 ], [ -52.09, 64.68 ], [ -52.09, 64.42 ], [ -51.47, 63.64 ], [ -49.55, 62.23 ], [ -48.92, 61.28 ], [ -47.8, 60.83 ], [ -46.05, 60.62 ], [ -45.38, 60.2 ], [ -43.32, 59.93 ], [ -42.11, 61.86 ], [ -42.15, 62.57 ], [ -40.55, 63.73 ], [ -40.66, 64.92 ], [ -40.97, 64.87 ], [ -41.03, 64.99 ], [ -41.09, 65.04 ], [ -41.08, 65.1 ], [ -40.67, 65.11 ], [ -40.25, 65.05 ], [ -40.03, 65.1 ], [ -39.58, 65.34 ], [ -36.38, 65.83 ], [ -34.1, 66.73 ], [ -33.16, 67.63 ], [ -26.34, 68.7 ], [ -26.14, 68.78 ], [ -25.96, 68.82 ], [ -25.7, 68.89 ], [ -25.54, 69.05 ], [ -23.71, 69.63 ], [ -23.09, 69.88 ], [ -23.17, 70.11 ], [ -26.75, 70.48 ], [ -28.02, 70.4 ], [ -28.54, 70.48 ], [ -27.69, 70.99 ], [ -24.38, 71.15 ], [ -23.33, 70.45 ], [ -21.52, 70.53 ], [ -22.29, 72.12 ], [ -22.19, 73.27 ], [ -20.51, 73.49 ], [ -21.13, 74.11 ], [ -19.23, 74.48 ], [ -20.48, 75.31 ], [ -19.51, 75.76 ], [ -21.57, 76.29 ], [ -20.23, 77.37 ], [ -20.96, 78.56 ], [ -19.07, 79.15 ], [ -19.43, 80.26 ], [ -14.5, 80.76 ], [ -11.53, 81.42 ], [ -15.56, 81.83 ], [ -17.23, 81.43 ], [ -21.15, 81.7 ], [ -21.52, 82.6 ], [ -25.95, 83.29 ], [ -30.7, 83.59 ] ] ], [ [ [ -53.1, 70.14 ], [ -54.83, 70.16 ], [ -54.8, 69.63 ], [ -53.58, 69.26 ], [ -52.11, 69.49 ], [ -53.1, 70.14 ] ] ], [ [ [ -25.46, 70.94 ], [ -27.71, 70.9 ], [ -27.9, 70.45 ], [ -25.4, 70.65 ], [ -25.46, 70.94 ] ] ] ] } },
{ "type": "Feature", "properties": { "ISO3": "FRO", "name": "Faeroe Is." }, "geometry": { "type": "Polygon", "coordinates": [ [ [ -6.8, 62.27 ], [ -7.17, 62.29 ], [ -7.01, 62.09 ], [ -6.66, 62.09 ], [ -6.8, 62.27 ] ] ] } },
{ "type": "Feature", "properties": { "ISO3": "DNK", "name": "Denmark" }, "geometry": { "type": "MultiPolygon", "coordinates": [ [ [ [ 12.52, 55.92 ], [ 12.22, 56.12 ], [ 10.98, 55.72 ], [ 11.29, 55.2 ], [ 12.22, 55.47 ], [ 12.52, 55.92 ] ] ], [ [ [ 9.74, 54.83 ], [ 9.59, 55.49 ], [ 10.18, 55.87 ], [ 10.54, 57.45 ], [ 8.62, 57.11 ], [ 8.16, 56.61 ], [ 8.13, 55.6 ], [ 8.67, 54.9 ], [ 9.74, 54.83 ] ] ] ] } },
{ "type": "Feature", "properties": { "ISO3": "CZE", "name": "Czechia" }, "geometry": { "type": "Polygon", "coordinates": [ [ [ 18.83, 49.51 ], [ 17.15, 50.38 ], [ 16.68, 50.1 ], [ 16.01, 50.61 ], [ 14.81, 50.86 ], [ 14.37, 50.9 ], [ 12.45, 50.35 ], [ 12.63, 49.46 ], [ 13.81, 48.77 ], [ 14.69, 48.6 ], [ 14.97, 48.98 ], [ 16.95, 48.6 ], [ 17.76, 48.89 ], [ 18.83, 49.51 ] ] ] } },
{ "type": "Feature", "properties": { "ISO3": "CYN", "name": "N. Cyprus" }, "geometry": { "type": "Polygon", "coordinates": [ [ [ 34.0, 35.07 ], [ 32.94, 35.39 ], [ 32.71, 35.17 ], [ 34.0, 35.07 ] ] ] } },
{ "type": "Feature", "properties": { "ISO3": "CYP", "name": "Cyprus" }, "geometry": { "type": "Polygon", "coordinates": [ [ [ 32.71, 35.17 ], [ 32.94, 34.58 ], [ 34.0, 35.07 ], [ 32.71, 35.17 ] ] ] } },
{ "type": "Feature", "properties": { "ISO3": "CUB", "name": "Cuba" }, "geometry": { "type": "Polygon", "coordinates": [ [ [ -82.1, 23.19 ], [ -83.26, 22.97 ], [ -84.04, 22.67 ], [ -84.33, 22.07 ], [ -83.38, 22.22 ], [ -82.74, 22.69 ], [ -81.9, 22.68 ], [ -81.82, 22.2 ], [ -80.5, 22.06 ], [ -79.27, 21.56 ], [ -78.64, 21.52 ], [ -78.49, 21.05 ], [ -78.0, 20.72 ], [ -77.23, 20.64 ], [ -77.21, 20.3 ], [ -77.72, 19.86 ], [ -76.16, 19.99 ], [ -75.12, 19.9 ], [ -74.25, 20.08 ], [ -74.88, 20.65 ], [ -75.64, 20.73 ], [ -75.72, 21.11 ], [ -76.65, 21.28 ], [ -77.5, 21.87 ], [ -78.69, 22.37 ], [ -79.28, 22.41 ], [ -79.68, 22.74 ], [ -80.65, 23.1 ], [ -82.1, 23.19 ] ] ] } },
{ "type": "Feature", "properties": { "ISO3": "HRV", "name": "Croatia" }, "geometry": { "type": "MultiPolygon", "coordinates": [ [ [ [ 13.58, 45.52 ], [ 14.85, 45.08 ], [ 15.12, 44.26 ], [ 15.94, 43.66 ], [ 16.9, 43.39 ], [ 17.59, 42.94 ], [ 15.74, 44.77 ], [ 16.53, 45.22 ], [ 18.66, 45.08 ], [ 19.01, 44.87 ], [ 18.91, 45.93 ], [ 17.96, 45.77 ], [ 16.52, 46.5 ], [ 15.64, 46.2 ], [ 15.34, 45.47 ], [ 13.58, 45.52 ] ] ], [ [ [ 18.44, 42.56 ], [ 17.67, 42.9 ], [ 18.52, 42.43 ], [ 18.44, 42.56 ] ] ] ] } },
{ "type": "Feature", "properties": { "ISO3": "CIV", "name": "Côte d'Ivoire" }, "geometry": { "type": "Polygon", "coordinates": [ [ [ -7.99, 10.16 ], [ -7.82, 8.47 ], [ -8.23, 7.56 ], [ -8.49, 7.56 ], [ -8.3, 7.07 ], [ -8.6, 6.51 ], [ -7.89, 6.23 ], [ -7.45, 5.84 ], [ -7.54, 4.35 ], [ -5.56, 5.09 ], [ -4.04, 5.23 ], [ -3.02, 5.13 ], [ -2.8, 5.18 ], [ -3.2, 6.35 ], [ -3.24, 6.81 ], [ -2.79, 7.93 ], [ -2.51, 8.21 ], [ -2.7, 9.48 ], [ -3.22, 9.9 ], [ -4.63, 9.71 ], [ -5.52, 10.43 ], [ -6.03, 10.19 ], [ -6.26, 10.72 ], [ -7.1, 10.2 ], [ -7.66, 10.43 ], [ -7.99, 10.16 ] ] ] } },
{ "type": "Feature", "properties": { "ISO3": "CRI", "name": "Costa Rica" }, "geometry": { "type": "Polygon", "coordinates": [ [ [ -82.56, 9.58 ], [ -83.45, 10.47 ], [ -83.64, 10.92 ], [ -85.74, 11.06 ], [ -85.83, 10.4 ], [ -85.62, 9.9 ], [ -85.11, 9.58 ], [ -84.66, 9.65 ], [ -83.64, 9.04 ], [ -82.88, 8.07 ], [ -82.94, 9.45 ], [ -82.56, 9.58 ] ] ] } },
{ "type": "Feature", "properties": { "ISO3": "COD", "name": "Dem. Rep. Congo" }, "geometry": { "type": "Polygon", "coordinates": [ [ [ 30.75, -8.19 ], [ 30.31, -7.2 ], [ 29.71, -6.62 ], [ 29.48, -6.02 ], [ 29.59, -5.65 ], [ 29.34, -4.98 ], [ 29.4, -4.45 ], [ 29.22, -3.91 ], [ 29.22, -3.05 ], [ 29.01, -2.72 ], [ 29.13, -1.86 ], [ 29.58, -1.39 ], [ 29.72, 0.1 ], [ 29.94, 0.82 ], [ 31.25, 2.04 ], [ 30.73, 2.46 ], [ 30.84, 3.49 ], [ 30.19, 3.98 ], [ 29.68, 4.59 ], [ 29.15, 4.39 ], [ 28.19, 4.35 ], [ 27.4, 5.11 ], [ 26.82, 5.06 ], [ 25.53, 5.31 ], [ 25.25, 5.02 ], [ 24.32, 4.99 ], [ 23.42, 4.66 ], [ 22.76, 4.65 ], [ 22.42, 4.13 ], [ 20.56, 4.46 ], [ 20.23, 4.83 ], [ 19.5, 5.13 ], [ 19.07, 4.89 ], [ 18.57, 4.26 ], [ 18.61, 3.48 ], [ 18.07, 2.01 ], [ 17.9, 1.12 ], [ 17.75, -0.55 ], [ 16.88, -1.23 ], [ 16.22, -2.18 ], [ 16.15, -3.46 ], [ 14.71, -4.88 ], [ 14.36, -4.3 ], [ 13.41, -4.84 ], [ 13.07, -4.63 ], [ 12.52, -5.15 ], [ 12.21, -5.76 ], [ 12.41, -5.99 ], [ 13.07, -5.86 ], [ 16.32, -5.87 ], [ 16.72, -6.24 ], [ 16.98, -7.26 ], [ 17.54, -8.08 ], [ 19.34, -7.97 ], [ 19.53, -7.14 ], [ 20.48, -6.92 ], [ 20.61, -7.28 ], [ 21.75, -7.31 ], [ 21.91, -8.69 ], [ 21.81, -9.47 ], [ 22.56, -11.06 ], [ 23.83, -11.01 ], [ 23.97, -10.87 ], [ 24.52, -11.44 ], [ 25.18, -11.24 ], [ 25.35, -11.62 ], [ 26.03, -11.89 ], [ 26.95, -11.9 ], [ 28.36, -12.48 ], [ 29.01, -13.37 ], [ 29.8, -13.39 ], [ 29.8, -12.16 ], [ 29.06, -12.35 ], [ 28.36, -11.48 ], [ 28.64, -10.67 ], [ 28.63, -9.83 ], [ 28.4, -9.22 ], [ 28.97, -8.46 ], [ 30.75, -8.19 ] ] ] } },
{ "type": "Feature", "properties": { "ISO3": "COG", "name": "Congo" }, "geometry": { "type": "Polygon", "coordinates": [ [ [ 11.13, -3.92 ], [ 12.02, -5.0 ], [ 12.38, -4.62 ], [ 13.07, -4.63 ], [ 13.41, -4.84 ], [ 14.36, -4.3 ], [ 14.71, -4.88 ], [ 16.15, -3.46 ], [ 16.22, -2.18 ], [ 16.88, -1.23 ], [ 17.75, -0.55 ], [ 17.9, 1.12 ], [ 18.07, 2.01 ], [ 18.61, 3.48 ], [ 17.44, 3.68 ], [ 16.67, 3.54 ], [ 16.18, 2.27 ], [ 15.74, 1.91 ], [ 14.48, 2.15 ], [ 13.29, 2.16 ], [ 13.27, 1.24 ], [ 14.18, 1.37 ], [ 14.43, 0.81 ], [ 13.88, 0.19 ], [ 13.86, -0.2 ], [ 14.48, -0.62 ], [ 14.38, -1.89 ], [ 14.09, -2.47 ], [ 12.99, -2.31 ], [ 11.58, -2.4 ], [ 11.54, -2.84 ], [ 11.93, -3.32 ], [ 11.13, -3.92 ] ] ] } },
{ "type": "Feature", "properties": { "ISO3": "COM", "name": "Comoros" }, "geometry": { "type": "Polygon", "coordinates": [ [ [ 43.49, -11.86 ], [ 43.26, -11.43 ], [ 43.23, -11.75 ], [ 43.49, -11.86 ] ] ] } },
{ "type": "Feature", "properties": { "ISO3": "COL", "name": "Colombia" }, "geometry": { "type": "Polygon", "coordinates": [ [ [ -71.32, 11.86 ], [ -71.71, 12.42 ], [ -72.27, 11.89 ], [ -73.31, 11.3 ], [ -74.06, 11.34 ], [ -74.45, 10.99 ], [ -74.84, 11.11 ], [ -75.67, 10.2 ], [ -75.64, 9.45 ], [ -76.89, 8.62 ], [ -77.37, 8.66 ], [ -77.21, 8.03 ], [ -77.9, 7.23 ], [ -77.36, 6.5 ], [ -77.25, 5.78 ], [ -77.4, 5.42 ], [ -77.29, 4.72 ], [ -77.43, 4.06 ], [ -77.17, 3.86 ], [ -77.67, 2.88 ], [ -78.62, 2.31 ], [ -78.58, 1.77 ], [ -78.86, 1.46 ], [ -77.47, 0.64 ], [ -77.42, 0.42 ], [ -76.49, 0.24 ], [ -76.31, 0.45 ], [ -75.28, -0.11 ], [ -74.8, -0.2 ], [ -74.25, -0.97 ], [ -73.66, -1.25 ], [ -73.2, -1.83 ], [ -73.15, -2.28 ], [ -72.4, -2.43 ], [ -71.75, -2.15 ], [ -70.91, -2.22 ], [ -70.07, -2.75 ], [ -70.74, -3.78 ], [ -70.34, -3.81 ], [ -69.97, -4.24 ], [ -69.4, -1.19 ], [ -69.67, -0.48 ], [ -70.07, -0.14 ], [ -69.85, 1.71 ], [ -68.18, 1.72 ], [ -67.35, 2.09 ], [ -66.88, 1.22 ], [ -67.21, 2.39 ], [ -67.83, 2.89 ], [ -67.31, 3.42 ], [ -67.66, 3.86 ], [ -67.86, 4.51 ], [ -67.82, 5.27 ], [ -67.44, 6.03 ], [ -67.86, 6.29 ], [ -69.44, 6.13 ], [ -70.1, 6.94 ], [ -72.08, 7.1 ], [ -72.44, 7.45 ], [ -72.42, 8.38 ], [ -72.8, 9.11 ], [ -73.36, 9.23 ], [ -73.01, 9.79 ], [ -72.69, 10.84 ], [ -71.96, 11.67 ], [ -71.32, 11.86 ] ] ] } },
{ "type": "Feature", "properties": { "ISO3": "CHN", "name": "China" }, "geometry": { "type": "MultiPolygon", "coordinates": [ [ [ [ 107.97, 21.51 ], [ 108.32, 21.69 ], [ 109.93, 21.48 ], [ 109.66, 20.92 ], [ 110.12, 20.26 ], [ 110.51, 20.52 ], [ 110.19, 21.04 ], [ 110.77, 21.39 ], [ 111.6, 21.56 ], [ 111.94, 21.85 ], [ 112.59, 21.78 ], [ 113.48, 22.2 ], [ 113.49, 22.24 ], [ 113.53, 22.25 ], [ 114.02, 22.51 ], [ 114.27, 22.54 ], [ 116.47, 22.95 ], [ 116.54, 23.18 ], [ 118.56, 24.58 ], [ 119.02, 25.22 ], [ 119.54, 25.59 ], [ 120.28, 27.1 ], [ 121.1, 28.29 ], [ 121.6, 28.37 ], [ 121.94, 29.89 ], [ 121.0, 30.56 ], [ 121.88, 30.92 ], [ 121.35, 31.86 ], [ 121.4, 32.37 ], [ 120.85, 32.66 ], [ 120.87, 33.02 ], [ 120.2, 34.33 ], [ 119.58, 34.58 ], [ 119.22, 35.01 ], [ 120.99, 36.6 ], [ 121.93, 36.96 ], [ 122.52, 36.95 ], [ 122.6, 37.43 ], [ 121.64, 37.46 ], [ 120.75, 37.83 ], [ 119.45, 37.12 ], [ 118.95, 37.33 ], [ 118.94, 38.04 ], [ 118.01, 38.18 ], [ 117.56, 38.63 ], [ 117.78, 39.13 ], [ 118.91, 39.17 ], [ 119.59, 39.9 ], [ 120.48, 40.23 ], [ 121.17, 40.9 ], [ 122.28, 40.54 ], [ 121.52, 39.64 ], [ 122.33, 39.37 ], [ 124.36, 40.0 ], [ 124.89, 40.46 ], [ 125.99, 40.9 ], [ 126.9, 41.78 ], [ 127.18, 41.53 ], [ 128.11, 41.39 ], [ 128.05, 41.99 ], [ 128.92, 42.04 ], [ 129.72, 42.48 ], [ 130.53, 42.54 ], [ 131.07, 42.9 ], [ 131.26, 43.43 ], [ 131.08, 44.91 ], [ 131.98, 45.24 ], [ 132.94, 45.03 ], [ 133.86, 46.25 ], [ 134.17, 47.3 ], [ 134.75, 47.72 ], [ 134.29, 48.37 ], [ 133.14, 48.11 ], [ 132.56, 47.77 ], [ 131.0, 47.69 ], [ 130.8, 48.34 ], [ 129.5, 49.39 ], [ 128.0, 49.57 ], [ 126.92, 51.1 ], [ 126.31, 52.4 ], [ 125.65, 53.04 ], [ 124.81, 53.13 ], [ 123.61, 53.55 ], [ 122.34, 53.49 ], [ 120.7, 53.17 ], [ 120.75, 52.1 ], [ 120.07, 51.6 ], [ 119.19, 50.38 ], [ 119.26, 50.07 ], [ 117.87, 49.51 ], [ 116.68, 49.82 ], [ 115.56, 47.95 ], [ 115.9, 47.69 ], [ 117.77, 47.99 ], [ 118.5, 47.98 ], [ 119.71, 47.15 ], [ 119.71, 46.61 ], [ 118.31, 46.72 ], [ 117.33, 46.36 ], [ 116.56, 46.29 ], [ 115.68, 45.46 ], [ 114.52, 45.36 ], [ 113.59, 44.75 ], [ 111.9, 45.06 ], [ 111.4, 44.37 ], [ 111.93, 43.71 ], [ 111.01, 43.34 ], [ 110.4, 42.77 ], [ 109.44, 42.46 ], [ 106.77, 42.29 ], [ 105.2, 41.74 ], [ 104.5, 41.88 ], [ 103.71, 41.75 ], [ 101.97, 42.22 ], [ 101.71, 42.47 ], [ 99.98, 42.68 ], [ 99.47, 42.57 ], [ 97.21, 42.79 ], [ 96.39, 42.72 ], [ 95.91, 43.21 ], [ 95.35, 44.28 ], [ 94.71, 44.35 ], [ 93.66, 44.9 ], [ 90.88, 45.2 ], [ 90.66, 45.53 ], [ 91.0, 46.04 ], [ 90.87, 46.95 ], [ 90.31, 47.68 ], [ 89.05, 48.0 ], [ 87.98, 48.56 ], [ 87.81, 49.16 ], [ 87.32, 49.09 ], [ 86.55, 48.53 ], [ 85.75, 48.39 ], [ 85.53, 47.92 ], [ 85.66, 47.25 ], [ 84.79, 46.83 ], [ 83.19, 47.19 ], [ 82.33, 45.52 ], [ 80.06, 45.01 ], [ 80.46, 44.75 ], [ 80.36, 44.1 ], [ 80.79, 43.16 ], [ 80.17, 42.67 ], [ 80.21, 42.19 ], [ 78.36, 41.37 ], [ 78.12, 41.08 ], [ 76.82, 40.98 ], [ 76.48, 40.45 ], [ 75.58, 40.61 ], [ 73.99, 40.04 ], [ 73.63, 39.45 ], [ 73.8, 38.61 ], [ 74.75, 38.51 ], [ 74.89, 37.23 ], [ 74.54, 37.02 ], [ 75.84, 36.65 ], [ 75.95, 36.02 ], [ 76.77, 35.66 ], [ 77.8, 35.5 ], [ 78.28, 34.65 ], [ 78.94, 34.35 ], [ 78.8, 33.5 ], [ 79.11, 33.23 ], [ 79.22, 32.5 ], [ 78.39, 32.52 ], [ 79.11, 31.4 ], [ 79.57, 30.95 ], [ 80.19, 30.76 ], [ 81.01, 30.16 ], [ 81.42, 30.34 ], [ 83.16, 29.61 ], [ 83.58, 29.18 ], [ 85.12, 28.32 ], [ 85.68, 28.28 ], [ 86.41, 27.93 ], [ 88.11, 27.87 ], [ 88.62, 28.09 ], [ 88.89, 27.32 ], [ 89.54, 28.11 ], [ 91.61, 27.95 ], [ 91.63, 27.76 ], [ 92.66, 27.95 ], [ 93.21, 28.59 ], [ 93.9, 28.8 ], [ 94.62, 29.31 ], [ 95.42, 29.05 ], [ 96.04, 29.45 ], [ 96.44, 29.05 ], [ 96.6, 28.46 ], [ 97.32, 28.22 ], [ 98.1, 28.14 ], [ 98.65, 27.57 ], [ 98.65, 25.92 ], [ 97.82, 25.25 ], [ 97.53, 24.49 ], [ 97.69, 23.9 ], [ 98.76, 24.12 ], [ 98.86, 23.19 ], [ 99.34, 23.1 ], [ 99.19, 22.13 ], [ 99.92, 22.03 ], [ 100.21, 21.46 ], [ 101.14, 21.57 ], [ 101.74, 21.83 ], [ 102.13, 22.38 ], [ 102.52, 22.74 ], [ 103.01, 22.45 ], [ 103.36, 22.75 ], [ 104.37, 22.7 ], [ 105.28, 23.35 ], [ 105.84, 22.92 ], [ 106.78, 22.78 ], [ 106.73, 22.0 ], [ 107.35, 21.61 ], [ 107.97, 21.51 ] ] ], [ [ [ 110.81, 20.01 ], [ 110.17, 20.05 ], [ 109.22, 19.84 ], [ 108.69, 19.34 ], [ 108.7, 18.54 ], [ 109.52, 18.22 ], [ 110.45, 18.75 ], [ 111.01, 19.66 ], [ 110.81, 20.01 ] ] ] ] } },
{ "type": "Feature", "properties": { "ISO3": "MAC", "name": "Macao" }, "geometry": { "type": "Polygon", "coordinates": [ [ [ 113.48, 22.2 ], [ 113.53, 22.25 ], [ 113.49, 22.24 ], [ 113.48, 22.2 ] ] ] } },
{ "type": "Feature", "properties": { "ISO3": "HKG", "name": "Hong Kong" }, "geometry": { "type": "Polygon", "coordinates": [ [ [ 114.02, 22.51 ], [ 114.27, 22.3 ], [ 114.27, 22.54 ], [ 114.02, 22.51 ] ] ] } },
{ "type": "Feature", "properties": { "ISO3": "CHL", "name": "Chile" }, "geometry": { "type": "MultiPolygon", "coordinates": [ [ [ [ -70.42, -18.35 ], [ -70.15, -19.81 ], [ -70.09, -21.49 ], [ -70.33, -22.85 ], [ -70.56, -23.06 ], [ -70.57, -24.64 ], [ -70.45, -25.17 ], [ -70.71, -25.78 ], [ -70.65, -26.33 ], [ -71.19, -28.38 ], [ -71.52, -28.93 ], [ -71.32, -29.65 ], [ -71.67, -30.33 ], [ -71.66, -31.17 ], [ -71.45, -32.66 ], [ -71.74, -33.1 ], [ -71.66, -33.65 ], [ -72.0, -34.17 ], [ -72.22, -35.1 ], [ -72.62, -35.59 ], [ -73.22, -37.17 ], [ -73.66, -37.7 ], [ -73.23, -39.22 ], [ -73.67, -40.08 ], [ -73.97, -41.12 ], [ -73.52, -41.8 ], [ -73.01, -41.54 ], [ -72.5, -41.98 ], [ -72.79, -42.3 ], [ -73.0, -43.63 ], [ -73.27, -44.17 ], [ -72.66, -44.44 ], [ -73.36, -44.98 ], [ -73.55, -45.48 ], [ -75.66, -46.61 ], [ -74.15, -46.97 ], [ -74.65, -47.7 ], [ -74.34, -48.6 ], [ -74.33, -49.97 ], [ -75.09, -50.68 ], [ -74.81, -51.06 ], [ -73.9, -51.33 ], [ -73.52, -52.04 ], [ -74.01, -52.64 ], [ -72.17, -53.63 ], [ -71.0, -53.78 ], [ -70.8, -52.77 ], [ -69.24, -52.21 ], [ -68.44, -52.36 ], [ -69.96, -52.01 ], [ -71.92, -51.99 ], [ -72.41, -51.54 ], [ -72.28, -50.91 ], [ -73.15, -50.74 ], [ -73.58, -49.58 ], [ -72.61, -48.79 ], [ -72.52, -47.88 ], [ -71.9, -47.2 ], [ -71.7, -46.58 ], [ -71.77, -45.72 ], [ -71.6, -44.98 ], [ -71.21, -44.44 ], [ -71.68, -43.93 ], [ -72.15, -42.99 ], [ -72.12, -42.3 ], [ -71.76, -42.1 ], [ -71.93, -40.69 ], [ -71.72, -39.64 ], [ -71.43, -38.99 ], [ -70.95, -38.74 ], [ -71.17, -37.76 ], [ -71.06, -36.52 ], [ -70.4, -36.06 ], [ -70.47, -35.33 ], [ -70.29, -34.73 ], [ -69.85, -34.22 ], [ -69.8, -33.4 ], [ -70.59, -31.57 ], [ -70.16, -30.44 ], [ -69.96, -30.36 ], [ -70.03, -29.32 ], [ -69.66, -28.41 ], [ -69.17, -27.92 ], [ -68.85, -27.15 ], [ -68.35, -27.03 ], [ -68.58, -26.52 ], [ -68.41, -26.15 ], [ -68.56, -24.84 ], [ -68.25, -24.39 ], [ -67.36, -24.03 ], [ -67.01, -23.0 ], [ -67.19, -22.82 ], [ -67.88, -22.82 ], [ -68.2, -21.3 ], [ -68.75, -20.46 ], [ -68.7, -19.72 ], [ -68.46, -19.43 ], [ -68.97, -18.97 ], [ -69.09, -18.05 ], [ -69.51, -17.51 ], [ -69.93, -18.21 ], [ -70.42, -18.35 ] ] ], [ [ [ -68.63, -52.65 ], [ -69.76, -52.73 ], [ -70.39, -53.03 ], [ -70.09, -53.42 ], [ -70.87, -53.88 ], [ -70.5, -54.81 ], [ -68.65, -54.85 ], [ -68.63, -52.65 ] ] ], [ [ [ -73.74, -43.29 ], [ -73.44, -42.94 ], [ -73.53, -41.9 ], [ -74.04, -41.8 ], [ -74.35, -43.26 ], [ -73.74, -43.29 ] ] ], [ [ [ -74.53, -48.81 ], [ -75.18, -49.08 ], [ -75.3, -49.85 ], [ -74.46, -49.69 ], [ -74.53, -48.81 ] ] ], [ [ [ -73.7, -44.33 ], [ -74.62, -44.65 ], [ -73.73, -45.12 ], [ -73.7, -44.33 ] ] ] ] } },
{ "type": "Feature", "properties": { "ISO3": "TCD", "name": "Chad" }, "geometry": { "type": "Polygon", "coordinates": [ [ [ 23.98, 19.5 ], [ 21.58, 20.68 ], [ 18.23, 22.34 ], [ 15.98, 23.45 ], [ 14.98, 23.0 ], [ 15.18, 21.52 ], [ 15.95, 20.3 ], [ 15.74, 19.9 ], [ 15.47, 16.91 ], [ 14.37, 15.75 ], [ 13.45, 14.38 ], [ 13.61, 13.7 ], [ 14.06, 13.08 ], [ 14.52, 12.98 ], [ 15.08, 11.85 ], [ 15.03, 11.11 ], [ 15.54, 9.96 ], [ 14.24, 9.98 ], [ 13.98, 9.69 ], [ 14.33, 9.2 ], [ 15.12, 8.56 ], [ 15.48, 7.52 ], [ 16.38, 7.68 ], [ 16.78, 7.55 ], [ 17.65, 7.98 ], [ 18.46, 8.03 ], [ 19.11, 8.66 ], [ 19.15, 9.02 ], [ 20.34, 9.13 ], [ 20.77, 9.41 ], [ 21.73, 10.37 ], [ 22.49, 11.0 ], [ 22.86, 10.92 ], [ 22.92, 11.34 ], [ 22.56, 11.67 ], [ 22.35, 12.66 ], [ 21.83, 12.79 ], [ 22.23, 13.33 ], [ 22.11, 13.73 ], [ 22.51, 14.13 ], [ 23.11, 15.7 ], [ 23.98, 15.78 ], [ 23.98, 19.5 ] ] ] } },
{ "type": "Feature", "properties": { "ISO3": "CAF", "name": "Central African Rep." }, "geometry": { "type": "Polygon", "coordinates": [ [ [ 24.15, 8.67 ], [ 23.54, 8.82 ], [ 23.65, 9.82 ], [ 22.86, 10.92 ], [ 22.49, 11.0 ], [ 21.73, 10.37 ], [ 20.77, 9.41 ], [ 20.34, 9.13 ], [ 19.15, 9.02 ], [ 19.11, 8.66 ], [ 18.46, 8.03 ], [ 17.65, 7.98 ], [ 16.78, 7.55 ], [ 16.38, 7.68 ], [ 15.48, 7.52 ], [ 15.25, 7.26 ], [ 14.62, 5.87 ], [ 14.71, 4.67 ], [ 15.13, 3.83 ], [ 16.06, 2.91 ], [ 16.18, 2.27 ], [ 16.67, 3.54 ], [ 17.44, 3.68 ], [ 18.61, 3.48 ], [ 18.57, 4.26 ], [ 19.07, 4.89 ], [ 19.5, 5.13 ], [ 20.23, 4.83 ], [ 20.56, 4.46 ], [ 22.42, 4.13 ], [ 22.76, 4.65 ], [ 23.42, 4.66 ], [ 24.32, 4.99 ], [ 25.25, 5.02 ], [ 25.53, 5.31 ], [ 26.82, 5.06 ], [ 27.4, 5.11 ], [ 27.08, 5.78 ], [ 26.51, 6.07 ], [ 26.36, 6.64 ], [ 25.38, 7.33 ], [ 24.85, 8.14 ], [ 24.29, 8.29 ], [ 24.15, 8.67 ] ] ] } },
{ "type": "Feature", "properties": { "ISO3": "CPV", "name": "Cabo Verde" }, "geometry": { "type": "Polygon", "coordinates": [ [ [ -23.54, 15.14 ], [ -23.7, 15.27 ], [ -23.79, 15.08 ], [ -23.5, 14.92 ], [ -23.54, 15.14 ] ] ] } },
{ "type": "Feature", "properties": { "ISO3": "CAN", "name": "Canada" }, "geometry": { "type": "MultiPolygon", "coordinates": [ [ [ [ -132.89, 54.14 ], [ -132.75, 53.31 ], [ -132.01, 53.27 ], [ -131.7, 53.99 ], [ -132.89, 54.14 ] ] ], [ [ [ -127.71, 50.82 ], [ -127.91, 50.45 ], [ -126.55, 49.42 ], [ -124.69, 48.6 ], [ -123.5, 48.58 ], [ -124.0, 49.22 ], [ -124.64, 49.43 ], [ -125.48, 50.32 ], [ -127.71, 50.82 ] ] ], [ [ [ -130.03, 55.89 ], [ -129.89, 55.16 ], [ -130.43, 54.42 ], [ -130.34, 53.72 ], [ -129.56, 53.25 ], [ -128.65, 53.24 ], [ -128.11, 52.86 ], [ -128.36, 52.16 ], [ -127.64, 51.48 ], [ -127.71, 51.15 ], [ -126.4, 50.53 ], [ -125.06, 50.42 ], [ -124.78, 50.02 ], [ -122.79, 48.99 ], [ -119.7, 48.99 ], [ -115.01, 48.99 ], [ -112.45, 48.99 ], [ -107.76, 48.99 ], [ -104.35, 48.99 ], [ -99.24, 48.99 ], [ -95.16, 48.99 ], [ -93.71, 48.53 ], [ -93.0, 48.61 ], [ -91.52, 48.06 ], [ -90.84, 48.2 ], [ -89.46, 48.0 ], [ -88.38, 48.3 ], [ -84.88, 46.9 ], [ -84.56, 46.46 ], [ -82.55, 45.35 ], [ -82.14, 43.57 ], [ -82.55, 42.62 ], [ -83.14, 41.98 ], [ -82.44, 41.67 ], [ -81.28, 42.21 ], [ -80.25, 42.37 ], [ -79.04, 42.8 ], [ -79.17, 43.47 ], [ -78.72, 43.62 ], [ -76.82, 43.63 ], [ -76.46, 44.06 ], [ -75.18, 44.9 ], [ -74.71, 45.0 ], [ -73.97, 45.35 ], [ -72.98, 46.21 ], [ -71.88, 46.69 ], [ -71.27, 46.8 ], [ -70.71, 47.14 ], [ -69.91, 47.83 ], [ -68.93, 48.83 ], [ -68.28, 49.2 ], [ -67.37, 49.35 ], [ -66.5, 50.21 ], [ -62.72, 50.3 ], [ -61.29, 50.2 ], [ -60.08, 50.25 ], [ -58.51, 51.3 ], [ -56.98, 51.46 ], [ -55.7, 52.14 ], [ -55.8, 53.21 ], [ -56.46, 53.77 ], [ -57.15, 53.85 ], [ -57.4, 54.57 ], [ -59.0, 55.15 ], [ -59.93, 55.26 ], [ -61.51, 56.39 ], [ -61.33, 57.01 ], [ -61.85, 57.38 ], [ -62.59, 58.47 ], [ -63.19, 58.86 ], [ -64.5, 60.27 ], [ -65.43, 59.78 ], [ -65.61, 59.11 ], [ -67.57, 58.21 ], [ -69.68, 59.34 ], [ -69.64, 60.69 ], [ -70.28, 61.07 ], [ -71.42, 61.16 ], [ -72.08, 61.73 ], [ -73.63, 62.45 ], [ -74.69, 62.18 ], [ -77.37, 62.57 ], [ -78.14, 62.11 ], [ -77.74, 61.44 ], [ -77.87, 60.79 ], [ -77.31, 60.04 ], [ -78.52, 58.68 ], [ -77.16, 58.02 ], [ -76.57, 57.18 ], [ -76.65, 56.11 ], [ -77.89, 55.24 ], [ -79.67, 54.7 ], [ -79.24, 54.1 ], [ -78.49, 52.25 ], [ -79.84, 51.17 ], [ -81.66, 52.29 ], [ -82.26, 52.96 ], [ -82.14, 53.82 ], [ -82.58, 55.15 ], [ -85.06, 55.29 ], [ -85.68, 55.6 ], [ -87.56, 56.06 ], [ -88.95, 56.85 ], [ -90.59, 57.22 ], [ -92.25, 57.01 ], [ -93.28, 58.76 ], [ -94.71, 58.9 ], [ -94.79, 59.95 ], [ -94.06, 61.32 ], [ -93.42, 61.71 ], [ -92.36, 62.82 ], [ -90.87, 62.95 ], [ -91.33, 63.51 ], [ -88.65, 64.01 ], [ -87.28, 64.83 ], [ -87.18, 64.93 ], [ -87.03, 65.06 ], [ -87.03, 65.2 ], [ -88.97, 65.35 ], [ -89.75, 65.94 ], [ -87.97, 65.35 ], [ -87.29, 65.35 ], [ -85.44, 66.54 ], [ -84.48, 66.18 ], [ -82.64, 66.59 ], [ -81.47, 67.07 ], [ -81.27, 67.46 ], [ -82.55, 68.45 ], [ -81.28, 68.66 ], [ -81.26, 68.78 ], [ -81.33, 68.83 ], [ -81.38, 68.85 ], [ -81.95, 68.91 ], [ -81.33, 69.12 ], [ -82.62, 69.69 ], [ -85.51, 69.85 ], [ -85.39, 69.23 ], [ -84.86, 69.07 ], [ -84.92, 68.96 ], [ -85.11, 68.84 ], [ -84.87, 68.79 ], [ -84.87, 68.77 ], [ -85.28, 68.74 ], [ -85.73, 68.63 ], [ -86.54, 67.52 ], [ -88.2, 67.77 ], [ -88.35, 68.29 ], [ -87.81, 68.4 ], [ -87.91, 68.56 ], [ -87.96, 68.71 ], [ -88.04, 68.81 ], [ -89.06, 69.27 ], [ -90.82, 69.29 ], [ -92.75, 69.71 ], [ -91.56, 70.18 ], [ -92.98, 70.85 ], [ -92.95, 71.26 ], [ -95.2, 71.9 ], [ -96.41, 71.27 ], [ -96.55, 70.33 ], [ -96.12, 69.87 ], [ -94.27, 69.46 ], [ -93.68, 68.89 ], [ -93.66, 68.84 ], [ -93.66, 68.78 ], [ -93.68, 68.69 ], [ -93.64, 68.63 ], [ -93.45, 68.62 ], [ -93.65, 68.54 ], [ -95.65, 67.74 ], [ -96.04, 68.16 ], [ -97.27, 68.45 ], [ -98.42, 67.83 ], [ -101.55, 67.69 ], [ -104.19, 68.03 ], [ -105.43, 68.46 ], [ -105.54, 68.72 ], [ -105.61, 68.78 ], [ -105.69, 68.83 ], [ -105.8, 68.86 ], [ -106.16, 68.92 ], [ -106.83, 68.81 ], [ -107.44, 68.69 ], [ -108.31, 68.61 ], [ -108.59, 67.59 ], [ -110.04, 67.98 ], [ -112.44, 67.68 ], [ -115.43, 67.92 ], [ -114.41, 68.66 ], [ -114.62, 68.75 ], [ -114.99, 68.85 ], [ -115.63, 68.97 ], [ -116.07, 68.86 ], [ -118.1, 69.04 ], [ -120.96, 69.66 ], [ -124.77, 69.99 ], [ -126.06, 69.47 ], [ -127.14, 70.24 ], [ -128.97, 69.71 ], [ -130.5, 70.14 ], [ -133.16, 69.43 ], [ -135.14, 69.47 ], [ -135.88, 68.92 ], [ -138.13, 69.15 ], [ -139.18, 69.52 ], [ -141.0, 69.65 ], [ -141.0, 69.07 ], [ -141.0, 68.77 ], [ -141.0, 68.48 ], [ -141.0, 68.19 ], [ -141.0, 67.61 ], [ -141.0, 65.56 ], [ -141.0, 65.27 ], [ -141.0, 64.98 ], [ -141.0, 64.39 ], [ -141.0, 62.05 ], [ -141.0, 60.3 ], [ -139.19, 60.08 ], [ -137.59, 59.23 ], [ -136.58, 59.15 ], [ -136.32, 59.6 ], [ -135.48, 59.79 ], [ -134.94, 59.29 ], [ -133.82, 58.71 ], [ -131.87, 56.79 ], [ -130.03, 55.89 ] ] ], [ [ [ -110.73, 78.1 ], [ -113.22, 77.9 ], [ -111.95, 77.34 ], [ -110.2, 77.52 ], [ -110.73, 78.1 ] ] ], [ [ [ -116.01, 77.46 ], [ -119.09, 77.31 ], [ -121.61, 76.44 ], [ -119.37, 76.22 ], [ -116.22, 76.61 ], [ -116.01, 77.46 ] ] ], [ [ [ -108.39, 76.07 ], [ -111.05, 75.55 ], [ -112.7, 76.2 ], [ -115.58, 76.44 ], [ -117.6, 75.27 ], [ -115.73, 74.97 ], [ -114.45, 75.09 ], [ -113.51, 74.43 ], [ -110.94, 74.64 ], [ -108.83, 75.06 ], [ -105.86, 75.19 ], [ -105.48, 75.75 ], [ -108.39, 76.07 ] ] ], [ [ [ -114.5, 72.63 ], [ -114.64, 73.37 ], [ -118.37, 72.53 ], [ -118.87, 71.69 ], [ -117.81, 71.16 ], [ -116.51, 69.42 ], [ -113.69, 69.2 ], [ -113.62, 68.84 ], [ -113.55, 68.77 ], [ -113.34, 68.6 ], [ -113.13, 68.49 ], [ -108.95, 68.76 ], [ -108.73, 68.83 ], [ -108.55, 68.9 ], [ -108.36, 68.93 ], [ -107.44, 69.0 ], [ -106.66, 69.44 ], [ -106.14, 69.16 ], [ -103.47, 68.81 ], [ -101.86, 69.02 ], [ -102.18, 69.85 ], [ -101.15, 70.15 ], [ -103.1, 70.51 ], [ -104.57, 71.1 ], [ -104.35, 71.43 ], [ -105.42, 72.79 ], [ -107.72, 73.33 ], [ -108.7, 72.5 ], [ -112.75, 72.99 ], [ -114.5, 72.63 ] ] ], [ [ [ -119.74, 74.13 ], [ -121.32, 74.53 ], [ -124.7, 74.35 ], [ -123.8, 73.77 ], [ -125.76, 72.14 ], [ -124.01, 71.68 ], [ -123.21, 71.12 ], [ -120.62, 71.51 ], [ -120.18, 72.21 ], [ -118.96, 72.68 ], [ -115.45, 73.44 ], [ -117.97, 74.27 ], [ -119.74, 74.13 ] ] ], [ [ [ -69.57, 83.02 ], [ -79.89, 82.94 ], [ -82.12, 82.6 ], [ -90.49, 81.88 ], [ -88.98, 81.54 ], [ -88.92, 80.81 ], [ -85.31, 80.53 ], [ -86.42, 79.85 ], [ -84.32, 78.98 ], [ -86.81, 78.77 ], [ -88.09, 77.72 ], [ -86.87, 77.2 ], [ -89.5, 76.83 ], [ -89.57, 76.49 ], [ -85.14, 76.3 ], [ -78.28, 76.57 ], [ -78.01, 77.95 ], [ -75.87, 78.01 ], [ -74.43, 78.72 ], [ -76.26, 79.01 ], [ -75.26, 79.42 ], [ -71.39, 79.76 ], [ -70.14, 80.4 ], [ -65.48, 81.28 ], [ -61.39, 82.44 ], [ -64.78, 82.88 ], [ -69.57, 83.02 ] ] ], [ [ [ -93.55, 75.05 ], [ -94.43, 75.59 ], [ -96.57, 75.1 ], [ -94.7, 74.64 ], [ -93.55, 75.05 ] ] ], [ [ [ -100.14, 73.93 ], [ -101.45, 73.43 ], [ -100.48, 72.77 ], [ -100.59, 72.15 ], [ -98.66, 71.3 ], [ -96.61, 71.83 ], [ -97.8, 73.29 ], [ -97.58, 73.89 ], [ -100.14, 73.93 ] ] ], [ [ [ -85.06, 65.44 ], [ -85.96, 65.7 ], [ -86.11, 65.42 ], [ -86.19, 65.01 ], [ -86.37, 64.57 ], [ -85.5, 63.14 ], [ -84.63, 63.31 ], [ -83.49, 64.1 ], [ -82.38, 63.71 ], [ -81.72, 64.02 ], [ -82.05, 64.64 ], [ -82.67, 64.78 ], [ -83.22, 64.97 ], [ -83.41, 65.1 ], [ -85.06, 65.44 ] ] ], [ [ [ -97.73, 76.5 ], [ -100.39, 76.61 ], [ -102.54, 75.51 ], [ -100.71, 75.41 ], [ -100.23, 75.01 ], [ -97.8, 75.12 ], [ -97.73, 76.5 ] ] ], [ [ [ -103.71, 79.35 ], [ -105.54, 79.03 ], [ -102.73, 78.37 ], [ -99.17, 77.86 ], [ -99.61, 78.58 ], [ -103.71, 79.35 ] ] ], [ [ [ -92.0, 81.19 ], [ -95.27, 81.0 ], [ -96.77, 80.14 ], [ -95.1, 79.29 ], [ -92.68, 78.39 ], [ -88.79, 78.19 ], [ -87.02, 78.9 ], [ -85.29, 79.21 ], [ -87.14, 79.66 ], [ -87.68, 80.37 ], [ -90.64, 80.59 ], [ -92.0, 81.19 ] ] ], [ [ [ -94.62, 76.96 ], [ -96.64, 76.7 ], [ -95.27, 76.26 ], [ -93.09, 76.35 ], [ -92.19, 75.85 ], [ -91.96, 74.79 ], [ -88.42, 74.49 ], [ -81.81, 74.48 ], [ -79.51, 74.88 ], [ -79.66, 75.45 ], [ -82.15, 75.83 ], [ -86.07, 75.5 ], [ -88.2, 75.51 ], [ -90.25, 76.05 ], [ -91.31, 76.68 ], [ -94.62, 76.96 ] ] ], [ [ [ -96.26, 78.55 ], [ -98.25, 78.43 ], [ -96.99, 77.81 ], [ -95.09, 77.99 ], [ -96.26, 78.55 ] ] ], [ [ [ -93.41, 74.18 ], [ -95.63, 73.7 ], [ -95.19, 72.03 ], [ -94.04, 72.03 ], [ -93.34, 72.8 ], [ -92.12, 72.75 ], [ -90.35, 73.87 ], [ -93.41, 74.18 ] ] ], [ [ [ -97.47, 69.67 ], [ -99.56, 69.03 ], [ -99.25, 68.86 ], [ -98.83, 68.84 ], [ -98.54, 68.8 ], [ -98.32, 68.84 ], [ -98.28, 68.81 ], [ -98.27, 68.77 ], [ -98.24, 68.74 ], [ -97.89, 68.67 ], [ -97.47, 68.54 ], [ -95.69, 68.74 ], [ -95.47, 68.75 ], [ -95.36, 68.78 ], [ -95.3, 68.81 ], [ -95.27, 68.83 ], [ -95.37, 68.89 ], [ -95.59, 68.84 ], [ -95.95, 69.02 ], [ -96.3, 69.34 ], [ -97.47, 69.67 ] ] ], [ [ [ -67.12, 45.17 ], [ -65.88, 45.22 ], [ -64.9, 45.63 ], [ -64.45, 45.26 ], [ -65.66, 44.76 ], [ -66.1, 44.37 ], [ -66.13, 43.81 ], [ -65.74, 43.56 ], [ -64.86, 43.87 ], [ -64.29, 44.55 ], [ -63.76, 44.49 ], [ -61.28, 45.24 ], [ -61.96, 45.87 ], [ -62.48, 45.62 ], [ -63.29, 45.75 ], [ -64.54, 46.24 ], [ -65.32, 47.1 ], [ -64.7, 47.72 ], [ -65.26, 48.02 ], [ -64.25, 48.55 ], [ -64.84, 49.19 ], [ -66.18, 49.21 ], [ -67.56, 48.86 ], [ -68.99, 48.27 ], [ -70.52, 47.03 ], [ -71.26, 46.76 ], [ -71.9, 46.63 ], [ -73.16, 46.01 ], [ -73.56, 45.43 ], [ -74.71, 45.0 ], [ -71.52, 45.01 ], [ -70.9, 45.26 ], [ -70.3, 45.91 ], [ -70.01, 46.71 ], [ -69.24, 47.46 ], [ -67.81, 47.08 ], [ -67.78, 45.7 ], [ -67.12, 45.17 ] ] ], [ [ [ -55.45, 51.56 ], [ -56.75, 51.27 ], [ -58.02, 49.54 ], [ -59.36, 47.87 ], [ -56.95, 47.57 ], [ -56.22, 47.67 ], [ -54.86, 47.39 ], [ -53.87, 47.39 ], [ -54.17, 46.88 ], [ -53.07, 46.68 ], [ -52.65, 47.55 ], [ -53.53, 48.23 ], [ -53.96, 49.44 ], [ -55.03, 49.31 ], [ -55.89, 49.58 ], [ -55.76, 49.96 ], [ -56.69, 50.06 ], [ -55.45, 51.56 ] ] ], [ [ [ -86.47, 71.04 ], [ -85.02, 71.35 ], [ -86.04, 71.77 ], [ -86.63, 72.87 ], [ -84.97, 73.69 ], [ -87.72, 73.72 ], [ -89.26, 73.07 ], [ -90.03, 71.95 ], [ -88.85, 70.52 ], [ -87.9, 70.25 ], [ -82.14, 69.84 ], [ -81.1, 70.09 ], [ -79.62, 69.89 ], [ -78.81, 70.18 ], [ -75.79, 69.32 ], [ -75.95, 69.03 ], [ -76.56, 69.01 ], [ -76.57, 68.85 ], [ -76.58, 68.82 ], [ -76.6, 68.79 ], [ -76.62, 68.76 ], [ -76.62, 68.72 ], [ -76.4, 68.69 ], [ -76.23, 68.73 ], [ -75.84, 68.84 ], [ -75.62, 68.89 ], [ -74.92, 68.98 ], [ -74.75, 68.89 ], [ -74.91, 68.82 ], [ -74.89, 68.81 ], [ -74.81, 68.8 ], [ -74.68, 68.79 ], [ -74.65, 68.71 ], [ -73.33, 68.27 ], [ -72.22, 67.25 ], [ -74.43, 66.14 ], [ -73.56, 65.54 ], [ -75.83, 65.23 ], [ -77.33, 65.45 ], [ -77.45, 65.16 ], [ -77.88, 65.07 ], [ -77.99, 65.02 ], [ -78.1, 64.94 ], [ -77.79, 64.37 ], [ -76.72, 64.24 ], [ -74.51, 64.67 ], [ -73.44, 64.42 ], [ -71.25, 63.04 ], [ -69.55, 62.74 ], [ -69.08, 62.41 ], [ -66.26, 61.87 ], [ -66.28, 62.3 ], [ -67.68, 63.09 ], [ -65.98, 63.0 ], [ -64.51, 63.26 ], [ -64.68, 64.03 ], [ -65.27, 64.63 ], [ -66.22, 64.85 ], [ -66.64, 65.0 ], [ -66.73, 64.86 ], [ -66.8, 65.02 ], [ -66.83, 65.07 ], [ -66.86, 65.09 ], [ -68.26, 65.94 ], [ -66.48, 66.28 ], [ -65.31, 66.01 ], [ -64.67, 65.17 ], [ -63.4, 65.12 ], [ -61.3, 66.65 ], [ -61.97, 67.02 ], [ -64.01, 67.35 ], [ -64.53, 67.81 ], [ -66.23, 67.96 ], [ -68.04, 68.55 ], [ -68.15, 68.68 ], [ -68.73, 68.81 ], [ -68.67, 68.81 ], [ -68.54, 68.84 ], [ -68.32, 68.84 ], [ -68.02, 68.79 ], [ -67.88, 68.78 ], [ -67.8, 68.86 ], [ -67.75, 68.93 ], [ -67.75, 69.04 ], [ -68.51, 69.58 ], [ -67.36, 70.03 ], [ -69.17, 70.76 ], [ -70.56, 70.74 ], [ -71.46, 71.46 ], [ -74.32, 71.84 ], [ -75.19, 72.43 ], [ -78.0, 72.69 ], [ -79.0, 72.27 ], [ -80.27, 72.75 ], [ -81.41, 73.63 ], [ -82.66, 73.73 ], [ -85.02, 73.34 ], [ -85.91, 71.99 ], [ -84.66, 71.59 ], [ -84.79, 71.09 ], [ -86.47, 71.04 ] ] ], [ [ [ -61.75, 49.11 ], [ -62.86, 49.71 ], [ -63.57, 49.4 ], [ -61.75, 49.11 ] ] ], [ [ [ -82.05, 62.97 ], [ -83.38, 62.9 ], [ -83.9, 62.48 ], [ -83.02, 62.21 ], [ -82.05, 62.97 ] ] ], [ [ [ -75.87, 68.34 ], [ -77.31, 67.71 ], [ -77.0, 67.27 ], [ -75.13, 67.54 ], [ -75.15, 68.23 ], [ -75.87, 68.34 ] ] ], [ [ [ -79.89, 73.7 ], [ -80.82, 73.38 ], [ -79.5, 72.76 ], [ -76.29, 73.08 ], [ -77.21, 73.5 ], [ -79.89, 73.7 ] ] ], [ [ [ -105.2, 72.95 ], [ -104.58, 73.35 ], [ -105.51, 73.77 ], [ -106.92, 73.48 ], [ -105.2, 72.95 ] ] ] ] } },
{ "type": "Feature", "properties": { "ISO3": "CMR", "name": "Cameroon" }, "geometry": { "type": "Polygon", "coordinates": [ [ [ 8.56, 4.76 ], [ 9.0, 4.09 ], [ 9.43, 3.92 ], [ 9.88, 3.31 ], [ 9.8, 2.3 ], [ 9.98, 2.17 ], [ 11.33, 2.17 ], [ 11.35, 2.3 ], [ 13.22, 2.26 ], [ 13.29, 2.16 ], [ 14.48, 2.15 ], [ 15.74, 1.91 ], [ 16.18, 2.27 ], [ 16.06, 2.91 ], [ 15.13, 3.83 ], [ 14.71, 4.67 ], [ 14.62, 5.87 ], [ 15.25, 7.26 ], [ 15.48, 7.52 ], [ 15.12, 8.56 ], [ 14.33, 9.2 ], [ 13.98, 9.69 ], [ 14.24, 9.98 ], [ 15.54, 9.96 ], [ 15.03, 11.11 ], [ 15.08, 11.85 ], [ 14.52, 12.98 ], [ 14.06, 13.08 ], [ 14.2, 12.38 ], [ 14.63, 12.11 ], [ 14.56, 11.49 ], [ 13.89, 11.14 ], [ 12.93, 9.43 ], [ 12.81, 8.89 ], [ 12.4, 8.6 ], [ 11.55, 6.7 ], [ 11.15, 6.44 ], [ 10.61, 7.06 ], [ 10.14, 7.0 ], [ 9.06, 6.01 ], [ 8.56, 4.76 ] ] ] } },
{ "type": "Feature", "properties": { "ISO3": "KHM", "name": "Cambodia" }, "geometry": { "type": "Polygon", "coordinates": [ [ [ 107.52, 14.71 ], [ 106.82, 14.31 ], [ 106.5, 14.58 ], [ 105.98, 14.34 ], [ 105.9, 13.92 ], [ 105.18, 14.35 ], [ 104.78, 14.43 ], [ 103.2, 14.33 ], [ 102.32, 13.54 ], [ 102.5, 12.67 ], [ 102.93, 11.71 ], [ 103.15, 10.91 ], [ 103.53, 10.6 ], [ 104.43, 10.41 ], [ 104.85, 10.53 ], [ 105.86, 11.29 ], [ 105.85, 11.64 ], [ 107.51, 12.36 ], [ 107.61, 13.44 ], [ 107.33, 14.13 ], [ 107.52, 14.71 ] ] ] } },
{ "type": "Feature", "properties": { "ISO3": "MMR", "name": "Myanmar" }, "geometry": { "type": "Polygon", "coordinates": [ [ [ 100.12, 20.32 ], [ 100.25, 20.73 ], [ 101.14, 21.57 ], [ 100.21, 21.46 ], [ 99.92, 22.03 ], [ 99.19, 22.13 ], [ 99.34, 23.1 ], [ 98.86, 23.19 ], [ 98.76, 24.12 ], [ 97.69, 23.9 ], [ 97.53, 24.49 ], [ 97.82, 25.25 ], [ 98.65, 25.92 ], [ 98.65, 27.57 ], [ 98.1, 28.14 ], [ 97.32, 28.22 ], [ 97.34, 27.94 ], [ 96.67, 27.34 ], [ 96.06, 27.22 ], [ 95.13, 26.6 ], [ 95.13, 26.04 ], [ 94.62, 25.41 ], [ 94.71, 25.05 ], [ 94.13, 23.88 ], [ 93.31, 24.02 ], [ 93.37, 23.13 ], [ 93.08, 22.72 ], [ 92.96, 22.0 ], [ 92.57, 21.98 ], [ 92.59, 21.47 ], [ 92.18, 21.29 ], [ 92.32, 20.79 ], [ 93.0, 20.07 ], [ 93.36, 20.06 ], [ 94.0, 19.44 ], [ 94.07, 18.89 ], [ 94.59, 17.57 ], [ 94.21, 16.13 ], [ 94.59, 16.29 ], [ 94.94, 15.82 ], [ 95.39, 15.72 ], [ 95.76, 16.17 ], [ 96.62, 16.56 ], [ 97.18, 17.06 ], [ 97.62, 16.54 ], [ 97.81, 14.86 ], [ 98.58, 13.16 ], [ 98.74, 11.59 ], [ 98.46, 10.68 ], [ 98.7, 10.19 ], [ 98.76, 10.66 ], [ 99.61, 11.78 ], [ 99.22, 12.74 ], [ 99.14, 13.72 ], [ 98.25, 14.81 ], [ 98.57, 15.4 ], [ 98.69, 16.31 ], [ 98.44, 16.98 ], [ 97.79, 17.68 ], [ 97.48, 18.49 ], [ 97.75, 18.62 ], [ 97.82, 19.46 ], [ 98.92, 19.77 ], [ 99.89, 20.42 ], [ 100.12, 20.32 ] ] ] } },
{ "type": "Feature", "properties": { "ISO3": "BDI", "name": "Burundi" }, "geometry": { "type": "Polygon", "coordinates": [ [ [ 30.55, -2.4 ], [ 29.93, -2.34 ], [ 29.87, -2.72 ], [ 29.01, -2.72 ], [ 29.22, -3.05 ], [ 29.22, -3.91 ], [ 29.4, -4.45 ], [ 30.15, -4.09 ], [ 30.79, -3.27 ], [ 30.52, -2.92 ], [ 30.55, -2.4 ] ] ] } },
{ "type": "Feature", "properties": { "ISO3": "BFA", "name": "Burkina Faso" }, "geometry": { "type": "Polygon", "coordinates": [ [ [ 0.9, 10.99 ], [ 1.43, 11.45 ], [ 1.98, 11.42 ], [ 2.39, 11.9 ], [ 2.07, 12.71 ], [ 1.56, 12.64 ], [ 0.99, 13.04 ], [ 0.98, 13.55 ], [ 0.62, 13.7 ], [ 0.16, 14.5 ], [ 0.22, 14.91 ], [ -0.76, 15.05 ], [ -1.77, 14.49 ], [ -2.46, 14.27 ], [ -3.58, 13.19 ], [ -4.33, 13.12 ], [ -4.43, 12.34 ], [ -5.29, 11.83 ], [ -5.52, 10.43 ], [ -4.63, 9.71 ], [ -3.22, 9.9 ], [ -2.7, 9.48 ], [ -2.83, 11.0 ], [ -0.7, 10.99 ], [ -0.07, 11.12 ], [ 0.9, 10.99 ] ] ] } },
{ "type": "Feature", "properties": { "ISO3": "BGR", "name": "Bulgaria" }, "geometry": { "type": "Polygon", "coordinates": [ [ [ 28.01, 41.97 ], [ 27.48, 42.47 ], [ 27.93, 43.19 ], [ 28.59, 43.74 ], [ 27.09, 44.17 ], [ 25.5, 43.67 ], [ 23.22, 43.87 ], [ 22.71, 44.24 ], [ 22.34, 42.31 ], [ 23.01, 41.72 ], [ 22.92, 41.34 ], [ 24.06, 41.53 ], [ 25.25, 41.24 ], [ 26.16, 41.43 ], [ 26.32, 41.72 ], [ 27.29, 42.08 ], [ 28.01, 41.97 ] ] ] } },
{ "type": "Feature", "properties": { "ISO3": "BRN", "name": "Brunei" }, "geometry": { "type": "Polygon", "coordinates": [ [ [ 115.03, 4.9 ], [ 114.06, 4.59 ], [ 114.61, 4.02 ], [ 115.03, 4.9 ] ] ] } },
{ "type": "Feature", "properties": { "ISO3": "BRA", "name": "Brazil" }, "geometry": { "type": "MultiPolygon", "coordinates": [ [ [ [ -66.88, 1.22 ], [ -67.35, 2.09 ], [ -68.18, 1.72 ], [ -69.85, 1.71 ], [ -70.07, -0.14 ], [ -69.67, -0.48 ], [ -69.4, -1.19 ], [ -69.97, -4.24 ], [ -70.8, -4.17 ], [ -71.84, -4.5 ], [ -72.89, -5.12 ], [ -73.24, -6.1 ], [ -73.14, -6.47 ], [ -73.76, -6.91 ], [ -74.0, -7.56 ], [ -73.55, -8.35 ], [ -72.97, -8.99 ], [ -73.21, -9.41 ], [ -72.38, -9.51 ], [ -72.18, -10.0 ], [ -71.24, -9.97 ], [ -70.64, -9.48 ], [ -70.64, -11.01 ], [ -69.58, -10.95 ], [ -68.4, -11.02 ], [ -66.73, -9.98 ], [ -65.4, -9.71 ], [ -65.39, -11.25 ], [ -64.99, -11.98 ], [ -64.42, -12.44 ], [ -63.07, -12.67 ], [ -62.77, -13.0 ], [ -62.18, -13.13 ], [ -61.79, -13.53 ], [ -61.08, -13.49 ], [ -60.51, -13.79 ], [ -60.3, -14.62 ], [ -60.18, -16.27 ], [ -58.54, -16.33 ], [ -58.35, -16.49 ], [ -58.47, -16.65 ], [ -58.48, -16.7 ], [ -58.46, -16.91 ], [ -58.4, -17.23 ], [ -57.83, -17.51 ], [ -57.57, -18.28 ], [ -58.13, -19.74 ], [ -58.16, -20.16 ], [ -57.83, -21.0 ], [ -57.99, -22.05 ], [ -56.94, -22.27 ], [ -56.52, -22.1 ], [ -55.85, -22.31 ], [ -55.37, -23.99 ], [ -54.63, -23.81 ], [ -54.24, -24.05 ], [ -54.62, -25.58 ], [ -53.89, -25.67 ], [ -53.67, -26.23 ], [ -53.84, -27.12 ], [ -54.83, -27.55 ], [ -55.73, -28.2 ], [ -56.94, -29.59 ], [ -57.61, -30.19 ], [ -56.83, -30.11 ], [ -55.87, -31.07 ], [ -54.59, -31.49 ], [ -53.76, -32.06 ], [ -53.13, -32.74 ], [ -53.53, -33.17 ], [ -53.37, -33.74 ], [ -52.65, -33.14 ], [ -52.13, -32.17 ], [ -51.97, -31.38 ], [ -51.46, -31.05 ], [ -51.16, -30.36 ], [ -50.3, -30.43 ], [ -49.75, -29.36 ], [ -48.8, -28.58 ], [ -48.55, -27.2 ], [ -48.68, -26.7 ], [ -48.55, -25.82 ], [ -47.88, -25.0 ], [ -46.87, -24.24 ], [ -45.42, -23.69 ], [ -44.64, -23.06 ], [ -42.04, -22.95 ], [ -41.71, -22.31 ], [ -41.12, -22.08 ], [ -40.79, -20.91 ], [ -40.4, -20.57 ], [ -39.7, -19.28 ], [ -39.74, -18.64 ], [ -39.22, -17.32 ], [ -39.16, -17.04 ], [ -39.13, -16.76 ], [ -38.88, -15.86 ], [ -39.06, -14.65 ], [ -38.94, -14.03 ], [ -39.09, -13.59 ], [ -38.79, -12.78 ], [ -38.24, -12.84 ], [ -37.69, -12.1 ], [ -36.94, -10.82 ], [ -36.4, -10.48 ], [ -35.34, -9.23 ], [ -34.83, -7.97 ], [ -34.81, -7.29 ], [ -35.24, -5.57 ], [ -35.55, -5.13 ], [ -36.59, -5.1 ], [ -37.17, -4.91 ], [ -38.05, -4.22 ], [ -38.48, -3.72 ], [ -39.96, -2.86 ], [ -41.32, -2.94 ], [ -42.25, -2.79 ], [ -42.94, -2.47 ], [ -44.31, -2.54 ], [ -44.65, -1.75 ], [ -46.81, -0.78 ], [ -47.4, -0.63 ], [ -48.12, -0.74 ], [ -48.99, -1.83 ], [ -50.4, -2.02 ], [ -50.92, -1.12 ], [ -51.95, -1.59 ], [ -51.7, -0.76 ], [ -51.28, -0.09 ], [ -50.82, 0.17 ], [ -49.9, 1.16 ], [ -49.96, 1.66 ], [ -50.66, 2.13 ], [ -51.22, 4.09 ], [ -51.65, 4.06 ], [ -51.99, 3.7 ], [ -52.7, 2.36 ], [ -52.96, 2.18 ], [ -53.77, 2.35 ], [ -54.13, 2.12 ], [ -54.62, 2.33 ], [ -55.01, 2.59 ], [ -56.13, 2.3 ], [ -56.48, 1.94 ], [ -57.12, 2.01 ], [ -57.59, 1.7 ], [ -58.34, 1.59 ], [ -58.86, 1.2 ], [ -59.76, 1.9 ], [ -59.99, 2.69 ], [ -59.85, 3.59 ], [ -59.55, 3.93 ], [ -59.99, 5.08 ], [ -60.74, 5.2 ], [ -61.0, 4.54 ], [ -62.15, 4.1 ], [ -63.29, 3.92 ], [ -64.22, 3.59 ], [ -63.92, 2.45 ], [ -64.11, 1.62 ], [ -65.1, 1.11 ], [ -66.43, 0.82 ], [ -66.88, 1.22 ] ] ], [ [ [ -50.25, -0.12 ], [ -50.65, -0.27 ], [ -50.76, -1.24 ], [ -50.51, -1.79 ], [ -49.59, -1.71 ], [ -48.93, -1.48 ], [ -48.38, -0.35 ], [ -49.12, -0.16 ], [ -50.25, -0.12 ] ] ] ] } },
{ "type": "Feature", "properties": { "ISO3": "BWA", "name": "Botswana" }, "geometry": { "type": "Polygon", "coordinates": [ [ [ 25.26, -17.79 ], [ 24.36, -17.98 ], [ 23.58, -18.45 ], [ 23.3, -18.03 ], [ 20.97, -18.32 ], [ 20.97, -22.0 ], [ 19.98, -22.0 ], [ 19.98, -24.78 ], [ 20.35, -25.03 ], [ 20.79, -25.92 ], [ 20.74, -26.85 ], [ 21.65, -26.85 ], [ 22.64, -26.07 ], [ 22.88, -25.46 ], [ 23.27, -25.27 ], [ 24.75, -25.82 ], [ 25.58, -25.61 ], [ 25.91, -24.75 ], [ 26.84, -24.24 ], [ 27.15, -23.52 ], [ 28.21, -22.69 ], [ 29.36, -22.19 ], [ 29.04, -21.81 ], [ 28.05, -21.57 ], [ 27.67, -21.06 ], [ 27.7, -20.53 ], [ 26.17, -19.54 ], [ 25.26, -17.79 ] ] ] } },
{ "type": "Feature", "properties": { "ISO3": "BIH", "name": "Bosnia and Herz." }, "geometry": { "type": "Polygon", "coordinates": [ [ [ 19.19, 43.53 ], [ 19.58, 44.04 ], [ 19.15, 44.3 ], [ 19.01, 44.87 ], [ 18.66, 45.08 ], [ 16.53, 45.22 ], [ 15.74, 44.77 ], [ 17.59, 42.94 ], [ 17.67, 42.9 ], [ 18.44, 42.56 ], [ 18.44, 42.97 ], [ 19.19, 43.53 ] ] ] } },
{ "type": "Feature", "properties": { "ISO3": "BOL", "name": "Bolivia" }, "geometry": { "type": "Polygon", "coordinates": [ [ [ -69.51, -17.51 ], [ -69.09, -18.05 ], [ -68.97, -18.97 ], [ -68.46, -19.43 ], [ -68.7, -19.72 ], [ -68.75, -20.46 ], [ -68.2, -21.3 ], [ -67.88, -22.82 ], [ -67.19, -22.82 ], [ -66.71, -22.22 ], [ -66.1, -21.84 ], [ -65.77, -22.1 ], [ -64.61, -22.23 ], [ -62.84, -22.0 ], [ -62.65, -22.23 ], [ -62.28, -21.07 ], [ -62.28, -20.56 ], [ -61.76, -19.65 ], [ -60.01, -19.3 ], [ -59.09, -19.29 ], [ -58.18, -19.82 ], [ -58.16, -20.16 ], [ -58.13, -19.74 ], [ -57.57, -18.28 ], [ -57.83, -17.51 ], [ -58.4, -17.23 ], [ -58.46, -16.91 ], [ -58.48, -16.7 ], [ -58.47, -16.65 ], [ -58.35, -16.49 ], [ -58.54, -16.33 ], [ -60.18, -16.27 ], [ -60.3, -14.62 ], [ -60.51, -13.79 ], [ -61.08, -13.49 ], [ -61.79, -13.53 ], [ -62.18, -13.13 ], [ -62.77, -13.0 ], [ -63.07, -12.67 ], [ -64.42, -12.44 ], [ -64.99, -11.98 ], [ -65.39, -11.25 ], [ -65.4, -9.71 ], [ -66.73, -9.98 ], [ -68.4, -11.02 ], [ -69.58, -10.95 ], [ -68.69, -12.5 ], [ -68.98, -12.88 ], [ -69.07, -13.68 ], [ -68.88, -14.2 ], [ -69.37, -14.96 ], [ -69.42, -15.6 ], [ -69.02, -16.64 ], [ -69.2, -16.77 ], [ -69.27, -16.86 ], [ -69.38, -17.0 ], [ -69.44, -17.09 ], [ -69.62, -17.2 ], [ -69.51, -17.51 ] ] ] } },
{ "type": "Feature", "properties": { "ISO3": "BTN", "name": "Bhutan" }, "geometry": { "type": "Polygon", "coordinates": [ [ [ 91.63, 27.76 ], [ 91.61, 27.95 ], [ 89.54, 28.11 ], [ 88.89, 27.32 ], [ 88.86, 26.96 ], [ 89.76, 26.7 ], [ 92.0, 26.85 ], [ 92.08, 27.29 ], [ 91.63, 27.76 ] ] ] } },
{ "type": "Feature", "properties": { "ISO3": "BEN", "name": "Benin" }, "geometry": { "type": "Polygon", "coordinates": [ [ [ 1.62, 6.22 ], [ 2.71, 6.37 ], [ 2.69, 7.87 ], [ 2.77, 9.05 ], [ 3.04, 9.08 ], [ 3.83, 10.61 ], [ 3.49, 11.4 ], [ 3.6, 11.7 ], [ 2.88, 12.37 ], [ 2.39, 11.9 ], [ 1.98, 11.42 ], [ 1.43, 11.45 ], [ 0.9, 10.99 ], [ 0.78, 10.36 ], [ 1.33, 10.0 ], [ 1.6, 9.05 ], [ 1.62, 6.22 ] ] ] } },
{ "type": "Feature", "properties": { "ISO3": "BLZ", "name": "Belize" }, "geometry": { "type": "Polygon", "coordinates": [ [ [ -89.16, 17.81 ], [ -89.24, 15.89 ], [ -88.89, 15.89 ], [ -88.31, 16.63 ], [ -88.27, 17.61 ], [ -88.1, 18.12 ], [ -88.3, 18.47 ], [ -89.16, 17.81 ] ] ] } },
{ "type": "Feature", "properties": { "ISO3": "BEL", "name": "Belgium" }, "geometry": { "type": "Polygon", "coordinates": [ [ [ 4.23, 51.39 ], [ 3.35, 51.38 ], [ 2.52, 51.1 ], [ 2.84, 50.71 ], [ 4.17, 50.25 ], [ 4.87, 49.79 ], [ 5.79, 49.54 ], [ 6.12, 50.12 ], [ 5.99, 50.75 ], [ 5.83, 51.13 ], [ 4.23, 51.39 ] ] ] } },
{ "type": "Feature", "properties": { "ISO3": "BLR", "name": "Belarus" }, "geometry": { "type": "Polygon", "coordinates": [ [ [ 31.76, 52.1 ], [ 31.42, 53.2 ], [ 32.7, 53.34 ], [ 31.12, 54.65 ], [ 30.91, 55.57 ], [ 30.23, 55.85 ], [ 29.48, 55.68 ], [ 28.15, 56.14 ], [ 27.58, 55.8 ], [ 26.59, 55.67 ], [ 25.55, 54.33 ], [ 24.77, 53.97 ], [ 23.48, 53.94 ], [ 23.84, 52.66 ], [ 23.61, 51.52 ], [ 24.36, 51.87 ], [ 25.93, 51.91 ], [ 27.27, 51.61 ], [ 29.35, 51.38 ], [ 30.53, 51.6 ], [ 30.98, 52.05 ], [ 31.76, 52.1 ] ] ] } },
{ "type": "Feature", "properties": { "ISO3": "BRB", "name": "Barbados" }, "geometry": { "type": "Polygon", "coordinates": [ [ [ -59.43, 13.15 ], [ -59.59, 13.32 ], [ -59.64, 13.15 ], [ -59.43, 13.15 ] ] ] } },
{ "type": "Feature", "properties": { "ISO3": "BGD", "name": "Bangladesh" }, "geometry": { "type": "Polygon", "coordinates": [ [ [ 89.05, 22.09 ], [ 89.23, 21.72 ], [ 89.81, 21.98 ], [ 90.16, 21.82 ], [ 90.95, 22.6 ], [ 91.48, 22.8 ], [ 92.32, 20.79 ], [ 92.18, 21.29 ], [ 92.59, 21.47 ], [ 92.57, 21.98 ], [ 92.25, 23.68 ], [ 91.62, 22.98 ], [ 91.16, 23.66 ], [ 91.37, 24.09 ], [ 91.88, 24.2 ], [ 92.25, 24.9 ], [ 92.05, 25.17 ], [ 90.44, 25.16 ], [ 89.81, 25.31 ], [ 89.82, 25.94 ], [ 88.44, 26.37 ], [ 88.08, 25.89 ], [ 88.45, 25.57 ], [ 88.15, 24.49 ], [ 88.73, 24.23 ], [ 88.74, 23.44 ], [ 89.05, 22.09 ] ] ] } },
{ "type": "Feature", "properties": { "ISO3": "BHR", "name": "Bahrain" }, "geometry": { "type": "Polygon", "coordinates": [ [ [ 50.62, 26.0 ], [ 50.56, 26.2 ], [ 50.45, 26.19 ], [ 50.47, 25.97 ], [ 50.62, 26.0 ] ] ] } },
{ "type": "Feature", "properties": { "ISO3": "BHS", "name": "Bahamas" }, "geometry": { "type": "Polygon", "coordinates": [ [ [ -77.19, 25.96 ], [ -77.17, 26.24 ], [ -77.04, 26.33 ], [ -77.21, 26.49 ], [ -77.25, 26.16 ], [ -77.19, 25.96 ] ] ] } },
{ "type": "Feature", "properties": { "ISO3": "AZE", "name": "Azerbaijan" }, "geometry": { "type": "MultiPolygon", "coordinates": [ [ [ [ 44.82, 39.65 ], [ 45.48, 39.01 ], [ 46.11, 38.88 ], [ 45.77, 39.38 ], [ 44.77, 39.7 ], [ 44.82, 39.65 ] ] ], [ [ [ 48.87, 38.44 ], [ 49.01, 39.13 ], [ 49.78, 40.58 ], [ 48.57, 41.84 ], [ 47.86, 41.21 ], [ 47.26, 41.32 ], [ 46.43, 41.89 ], [ 46.46, 41.07 ], [ 45.28, 41.45 ], [ 45.0, 41.29 ], [ 45.59, 40.85 ], [ 45.96, 40.23 ], [ 45.79, 39.88 ], [ 46.55, 39.2 ], [ 46.49, 38.91 ], [ 47.77, 39.65 ], [ 48.59, 38.41 ], [ 48.87, 38.44 ] ] ] ] } },
{ "type": "Feature", "properties": { "ISO3": "AUT", "name": "Austria" }, "geometry": { "type": "Polygon", "coordinates": [ [ [ 9.53, 47.27 ], [ 9.58, 47.06 ], [ 10.45, 46.86 ], [ 12.15, 46.94 ], [ 12.39, 46.7 ], [ 13.7, 46.52 ], [ 14.5, 46.42 ], [ 16.09, 46.86 ], [ 17.15, 48.01 ], [ 16.95, 48.6 ], [ 14.97, 48.98 ], [ 14.69, 48.6 ], [ 13.81, 48.77 ], [ 12.81, 48.16 ], [ 12.69, 47.67 ], [ 11.3, 47.42 ], [ 9.52, 47.52 ], [ 9.53, 47.27 ] ] ] } },
{ "type": "Feature", "properties": { "ISO3": "AUS", "name": "Australia" }, "geometry": { "type": "MultiPolygon", "coordinates": [ [ [ [ 143.07, -11.92 ], [ 142.46, -10.71 ], [ 142.17, -10.95 ], [ 141.68, -12.49 ], [ 141.47, -13.8 ], [ 141.63, -15.06 ], [ 141.22, -16.65 ], [ 140.97, -17.01 ], [ 140.83, -17.41 ], [ 140.04, -17.7 ], [ 139.25, -17.33 ], [ 139.01, -16.9 ], [ 138.82, -16.86 ], [ 138.63, -16.78 ], [ 138.25, -16.72 ], [ 137.7, -16.23 ], [ 136.78, -15.89 ], [ 135.53, -15.0 ], [ 135.41, -14.76 ], [ 135.88, -14.15 ], [ 135.93, -13.3 ], [ 136.59, -13.0 ], [ 136.95, -12.35 ], [ 136.54, -11.96 ], [ 136.08, -12.42 ], [ 135.79, -11.91 ], [ 135.22, -12.22 ], [ 134.73, -11.98 ], [ 132.68, -11.51 ], [ 132.37, -12.24 ], [ 130.67, -12.41 ], [ 130.17, -12.96 ], [ 129.38, -14.39 ], [ 129.46, -14.93 ], [ 128.2, -14.75 ], [ 127.67, -14.2 ], [ 126.9, -13.74 ], [ 126.57, -14.16 ], [ 126.11, -14.11 ], [ 125.18, -14.71 ], [ 124.38, -15.76 ], [ 124.58, -16.11 ], [ 123.49, -16.49 ], [ 123.61, -16.67 ], [ 123.68, -16.72 ], [ 123.75, -16.8 ], [ 123.78, -16.87 ], [ 123.53, -17.49 ], [ 123.14, -16.86 ], [ 123.07, -16.72 ], [ 122.97, -16.44 ], [ 122.92, -16.43 ], [ 122.77, -16.71 ], [ 122.72, -16.79 ], [ 122.6, -16.86 ], [ 122.52, -16.94 ], [ 122.43, -16.97 ], [ 122.16, -17.31 ], [ 122.24, -17.97 ], [ 121.49, -19.11 ], [ 120.88, -19.67 ], [ 119.59, -20.04 ], [ 119.1, -20.0 ], [ 117.41, -20.72 ], [ 116.71, -20.65 ], [ 115.46, -21.49 ], [ 114.86, -21.74 ], [ 114.38, -22.34 ], [ 113.96, -21.94 ], [ 113.68, -22.64 ], [ 113.76, -23.42 ], [ 113.42, -24.44 ], [ 114.21, -25.85 ], [ 113.54, -25.63 ], [ 113.58, -26.56 ], [ 114.03, -27.35 ], [ 114.17, -28.08 ], [ 114.96, -29.43 ], [ 115.18, -30.81 ], [ 115.7, -31.69 ], [ 115.68, -33.19 ], [ 115.18, -33.64 ], [ 115.01, -34.26 ], [ 116.52, -34.99 ], [ 117.58, -35.1 ], [ 118.14, -34.99 ], [ 119.85, -33.97 ], [ 121.41, -33.83 ], [ 123.65, -33.84 ], [ 124.13, -33.13 ], [ 125.92, -32.3 ], [ 127.32, -32.26 ], [ 128.95, -31.7 ], [ 131.14, -31.5 ], [ 132.21, -32.01 ], [ 132.76, -31.96 ], [ 134.23, -32.55 ], [ 134.3, -33.17 ], [ 134.79, -33.33 ], [ 135.65, -34.94 ], [ 136.43, -34.03 ], [ 137.24, -33.63 ], [ 137.49, -34.16 ], [ 138.09, -34.17 ], [ 138.51, -35.02 ], [ 138.18, -35.61 ], [ 139.04, -35.69 ], [ 139.86, -36.66 ], [ 139.78, -37.25 ], [ 140.63, -38.03 ], [ 141.42, -38.36 ], [ 142.61, -38.45 ], [ 143.54, -38.82 ], [ 144.67, -38.21 ], [ 145.79, -38.67 ], [ 146.86, -38.66 ], [ 147.4, -38.22 ], [ 148.26, -37.83 ], [ 149.3, -37.8 ], [ 149.93, -37.53 ], [ 150.2, -35.83 ], [ 150.69, -35.18 ], [ 150.96, -34.3 ], [ 151.81, -32.9 ], [ 152.47, -32.44 ], [ 152.94, -31.43 ], [ 153.03, -30.56 ], [ 153.35, -29.29 ], [ 153.6, -28.85 ], [ 153.58, -28.24 ], [ 153.12, -27.19 ], [ 153.16, -25.96 ], [ 152.91, -25.43 ], [ 151.9, -24.2 ], [ 150.84, -23.46 ], [ 150.76, -22.58 ], [ 150.08, -22.16 ], [ 149.7, -22.44 ], [ 149.2, -21.13 ], [ 148.68, -20.58 ], [ 148.76, -20.29 ], [ 147.92, -19.87 ], [ 147.42, -19.38 ], [ 146.48, -19.08 ], [ 146.03, -18.27 ], [ 146.13, -17.64 ], [ 145.9, -17.07 ], [ 145.91, -16.91 ], [ 145.75, -16.88 ], [ 145.64, -16.73 ], [ 145.55, -16.63 ], [ 145.43, -16.41 ], [ 145.29, -14.94 ], [ 144.47, -14.23 ], [ 143.76, -14.35 ], [ 143.4, -12.64 ], [ 143.07, -11.92 ] ] ], [ [ [ 130.56, -11.31 ], [ 130.95, -11.93 ], [ 131.54, -11.44 ], [ 131.27, -11.19 ], [ 130.56, -11.31 ] ] ], [ [ [ 144.82, -40.72 ], [ 144.78, -41.42 ], [ 145.24, -42.02 ], [ 145.27, -42.54 ], [ 146.04, -43.55 ], [ 146.87, -43.61 ], [ 147.41, -42.89 ], [ 148.3, -42.04 ], [ 148.29, -40.95 ], [ 146.32, -41.16 ], [ 144.82, -40.72 ] ] ] ] } },
{ "type": "Feature", "properties": { "ISO3": "IOA", "name": "Indian Ocean Ter." }, "geometry": { "type": "Polygon", "coordinates": [ [ [ 105.71, -10.43 ], [ 105.58, -10.51 ], [ 105.7, -10.56 ], [ 105.71, -10.43 ] ] ] } },
{ "type": "Feature", "properties": { "ISO3": "HMD", "name": "Heard I. and McDonald Is." }, "geometry": { "type": "Polygon", "coordinates": [ [ [ 73.8, -53.13 ], [ 73.59, -53.03 ], [ 73.34, -53.03 ], [ 73.47, -53.18 ], [ 73.8, -53.13 ] ] ] } },
{ "type": "Feature", "properties": { "ISO3": "NFK", "name": "Norfolk Island" }, "geometry": { "type": "Polygon", "coordinates": [ [ [ 167.92, -29.01 ], [ 167.92, -29.08 ], [ 167.99, -29.04 ], [ 167.92, -29.01 ] ] ] } },
{ "type": "Feature", "properties": { "ISO3": "ATC", "name": "Ashmore and Cartier Is." }, "geometry": { "type": "Polygon", "coordinates": [ [ [ 123.57, -12.42 ], [ 123.57, -12.43 ], [ 123.6, -12.44 ], [ 123.59, -12.43 ], [ 123.57, -12.42 ] ] ] } },
{ "type": "Feature", "properties": { "ISO3": "ARM", "name": "Armenia" }, "geometry": { "type": "Polygon", "coordinates": [ [ [ 44.77, 39.7 ], [ 45.77, 39.38 ], [ 46.11, 38.88 ], [ 46.49, 38.91 ], [ 46.55, 39.2 ], [ 45.79, 39.88 ], [ 45.96, 40.23 ], [ 45.59, 40.85 ], [ 45.0, 41.29 ], [ 43.44, 41.11 ], [ 43.79, 40.07 ], [ 44.77, 39.7 ] ] ] } },
{ "type": "Feature", "properties": { "ISO3": "ARG", "name": "Argentina" }, "geometry": { "type": "MultiPolygon", "coordinates": [ [ [ [ -57.61, -30.19 ], [ -56.94, -29.59 ], [ -55.73, -28.2 ], [ -54.83, -27.55 ], [ -53.84, -27.12 ], [ -53.67, -26.23 ], [ -53.89, -25.67 ], [ -54.62, -25.58 ], [ -54.83, -26.65 ], [ -55.79, -27.42 ], [ -56.44, -27.55 ], [ -58.64, -27.2 ], [ -57.59, -25.41 ], [ -57.82, -25.14 ], [ -59.37, -24.45 ], [ -59.89, -24.09 ], [ -60.84, -23.86 ], [ -61.8, -23.18 ], [ -62.65, -22.23 ], [ -62.84, -22.0 ], [ -64.61, -22.23 ], [ -65.77, -22.1 ], [ -66.1, -21.84 ], [ -66.71, -22.22 ], [ -67.19, -22.82 ], [ -67.01, -23.0 ], [ -67.36, -24.03 ], [ -68.25, -24.39 ], [ -68.56, -24.84 ], [ -68.41, -26.15 ], [ -68.58, -26.52 ], [ -68.35, -27.03 ], [ -68.85, -27.15 ], [ -69.17, -27.92 ], [ -69.66, -28.41 ], [ -70.03, -29.32 ], [ -69.96, -30.36 ], [ -70.16, -30.44 ], [ -70.59, -31.57 ], [ -69.8, -33.4 ], [ -69.85, -34.22 ], [ -70.29, -34.73 ], [ -70.47, -35.33 ], [ -70.4, -36.06 ], [ -71.06, -36.52 ], [ -71.17, -37.76 ], [ -70.95, -38.74 ], [ -71.43, -38.99 ], [ -71.72, -39.64 ], [ -71.93, -40.69 ], [ -71.76, -42.1 ], [ -72.12, -42.3 ], [ -72.15, -42.99 ], [ -71.68, -43.93 ], [ -71.21, -44.44 ], [ -71.6, -44.98 ], [ -71.77, -45.72 ], [ -71.7, -46.58 ], [ -71.9, -47.2 ], [ -72.52, -47.88 ], [ -72.61, -48.79 ], [ -73.58, -49.58 ], [ -73.15, -50.74 ], [ -72.28, -50.91 ], [ -72.41, -51.54 ], [ -71.92, -51.99 ], [ -69.96, -52.01 ], [ -68.44, -52.36 ], [ -69.03, -51.64 ], [ -69.24, -50.95 ], [ -68.94, -50.38 ], [ -67.78, -49.86 ], [ -67.68, -49.25 ], [ -67.03, -48.63 ], [ -65.81, -47.94 ], [ -65.74, -47.34 ], [ -66.78, -47.01 ], [ -67.56, -46.35 ], [ -67.56, -45.97 ], [ -66.94, -45.26 ], [ -65.64, -45.01 ], [ -65.36, -44.48 ], [ -65.28, -43.63 ], [ -63.6, -42.41 ], [ -64.42, -42.43 ], [ -65.06, -41.97 ], [ -65.13, -40.88 ], [ -63.77, -41.15 ], [ -62.4, -40.89 ], [ -62.07, -38.92 ], [ -61.11, -38.99 ], [ -59.83, -38.84 ], [ -58.18, -38.44 ], [ -57.55, -38.09 ], [ -56.67, -36.85 ], [ -56.7, -36.43 ], [ -57.26, -36.14 ], [ -57.3, -35.19 ], [ -58.28, -34.68 ], [ -58.55, -33.66 ], [ -58.2, -32.47 ], [ -58.19, -31.92 ], [ -57.61, -30.19 ] ] ], [ [ [ -68.65, -54.85 ], [ -66.51, -55.03 ], [ -65.35, -54.88 ], [ -67.29, -54.05 ], [ -68.01, -53.56 ], [ -68.63, -52.65 ], [ -68.65, -54.85 ] ] ] ] } },
{ "type": "Feature", "properties": { "ISO3": "ATG", "name": "Antigua and Barb." }, "geometry": { "type": "Polygon", "coordinates": [ [ [ -61.69, 17.05 ], [ -61.82, 17.17 ], [ -61.86, 17.01 ], [ -61.69, 17.05 ] ] ] } },
{ "type": "Feature", "properties": { "ISO3": "AGO", "name": "Angola" }, "geometry": { "type": "MultiPolygon", "coordinates": [ [ [ [ 13.07, -4.63 ], [ 12.38, -4.62 ], [ 12.02, -5.0 ], [ 12.21, -5.76 ], [ 12.52, -5.15 ], [ 13.07, -4.63 ] ] ], [ [ [ 23.97, -10.87 ], [ 23.83, -11.01 ], [ 22.56, -11.06 ], [ 21.81, -9.47 ], [ 21.91, -8.69 ], [ 21.75, -7.31 ], [ 20.61, -7.28 ], [ 20.48, -6.92 ], [ 19.53, -7.14 ], [ 19.34, -7.97 ], [ 17.54, -8.08 ], [ 16.98, -7.26 ], [ 16.72, -6.24 ], [ 16.32, -5.87 ], [ 13.07, -5.86 ], [ 12.3, -6.09 ], [ 13.38, -8.37 ], [ 13.0, -9.05 ], [ 13.85, -11.05 ], [ 13.79, -11.81 ], [ 13.42, -12.52 ], [ 12.98, -12.78 ], [ 12.55, -13.44 ], [ 11.97, -15.63 ], [ 11.75, -15.83 ], [ 11.82, -16.7 ], [ 11.78, -16.87 ], [ 11.74, -17.25 ], [ 12.55, -17.21 ], [ 13.1, -16.97 ], [ 13.94, -17.39 ], [ 16.53, -17.39 ], [ 18.4, -17.4 ], [ 19.08, -17.82 ], [ 21.42, -18.0 ], [ 23.38, -17.64 ], [ 22.96, -17.29 ], [ 22.55, -16.91 ], [ 22.46, -16.82 ], [ 22.31, -16.69 ], [ 22.15, -16.6 ], [ 21.98, -15.96 ], [ 21.98, -13.0 ], [ 23.84, -13.0 ], [ 23.99, -12.42 ], [ 23.97, -10.87 ] ] ] ] } },
{ "type": "Feature", "properties": { "ISO3": "AND", "name": "Andorra" }, "geometry": { "type": "Polygon", "coordinates": [ [ [ 1.71, 42.5 ], [ 1.43, 42.6 ], [ 1.49, 42.43 ], [ 1.71, 42.5 ] ] ] } },
{ "type": "Feature", "properties": { "ISO3": "DZA", "name": "Algeria" }, "geometry": { "type": "Polygon", "coordinates": [ [ [ 8.58, 36.94 ], [ 6.93, 36.92 ], [ 6.49, 37.09 ], [ 5.2, 36.68 ], [ 4.76, 36.9 ], [ 3.78, 36.9 ], [ 2.59, 36.6 ], [ 1.26, 36.52 ], [ 0.05, 35.9 ], [ -0.92, 35.67 ], [ -1.91, 35.09 ], [ -2.22, 35.1 ], [ -1.8, 34.75 ], [ -1.68, 33.32 ], [ -1.07, 32.47 ], [ -1.28, 32.09 ], [ -2.45, 32.13 ], [ -3.83, 31.66 ], [ -3.83, 31.2 ], [ -4.32, 30.7 ], [ -4.97, 30.47 ], [ -5.45, 29.96 ], [ -6.5, 29.81 ], [ -7.69, 29.35 ], [ -8.66, 28.72 ], [ -8.68, 27.66 ], [ -8.68, 27.29 ], [ -6.24, 25.85 ], [ -4.82, 25.0 ], [ -3.26, 23.98 ], [ -1.29, 22.7 ], [ 1.15, 21.1 ], [ 1.69, 20.38 ], [ 3.2, 19.79 ], [ 3.4, 18.99 ], [ 4.23, 19.14 ], [ 5.84, 19.48 ], [ 7.48, 20.87 ], [ 9.38, 21.99 ], [ 11.97, 23.52 ], [ 11.54, 24.29 ], [ 10.26, 24.59 ], [ 10.0, 25.33 ], [ 9.45, 26.07 ], [ 9.86, 26.55 ], [ 9.75, 27.33 ], [ 9.92, 27.79 ], [ 9.84, 28.97 ], [ 9.52, 30.23 ], [ 9.04, 32.07 ], [ 8.33, 32.54 ], [ 7.76, 33.23 ], [ 7.51, 34.08 ], [ 8.25, 34.73 ], [ 8.39, 35.2 ], [ 8.23, 36.55 ], [ 8.58, 36.94 ] ] ] } },
{ "type": "Feature", "properties": { "ISO3": "ALB", "name": "Albania" }, "geometry": { "type": "Polygon", "coordinates": [ [ [ 19.34, 41.87 ], [ 19.4, 40.28 ], [ 20.0, 39.71 ], [ 20.66, 40.12 ], [ 20.96, 40.85 ], [ 20.49, 41.27 ], [ 20.57, 41.87 ], [ 20.06, 42.55 ], [ 19.65, 42.63 ], [ 19.34, 41.87 ] ] ] } },
{ "type": "Feature", "properties": { "ISO3": "AFG", "name": "Afghanistan" }, "geometry": { "type": "Polygon", "coordinates": [ [ [ 66.52, 37.35 ], [ 65.77, 37.57 ], [ 65.55, 37.25 ], [ 64.82, 37.13 ], [ 64.51, 36.34 ], [ 63.11, 35.82 ], [ 62.61, 35.23 ], [ 61.26, 35.62 ], [ 61.08, 34.86 ], [ 60.49, 34.09 ], [ 60.56, 33.14 ], [ 60.83, 32.25 ], [ 60.85, 31.48 ], [ 61.66, 31.38 ], [ 61.78, 30.83 ], [ 60.84, 29.86 ], [ 62.48, 29.41 ], [ 63.57, 29.5 ], [ 64.1, 29.39 ], [ 66.18, 29.84 ], [ 66.4, 30.91 ], [ 67.29, 31.22 ], [ 68.21, 31.81 ], [ 68.87, 31.63 ], [ 69.28, 31.94 ], [ 69.5, 33.02 ], [ 70.28, 33.37 ], [ 69.87, 33.9 ], [ 71.05, 34.05 ], [ 70.97, 34.53 ], [ 71.62, 35.18 ], [ 71.19, 36.04 ], [ 71.62, 36.44 ], [ 72.62, 36.83 ], [ 74.54, 37.02 ], [ 74.89, 37.23 ], [ 73.48, 37.47 ], [ 71.8, 36.69 ], [ 71.43, 37.13 ], [ 71.55, 37.93 ], [ 70.88, 38.46 ], [ 70.21, 37.92 ], [ 68.07, 36.95 ], [ 67.76, 37.17 ], [ 66.52, 37.35 ] ] ] } },
{ "type": "Feature", "properties": { "ISO3": "KAS", "name": "Siachen Glacier" }, "geometry": { "type": "Polygon", "coordinates": [ [ [ 77.05, 35.11 ], [ 77.8, 35.5 ], [ 76.77, 35.66 ], [ 77.05, 35.11 ] ] ] } },
{ "type": "Feature", "properties": { "ISO3": "SXM", "name": "Sint Maarten" }, "geometry": { "type": "Polygon", "coordinates": [ [ [ -63.12, 18.07 ], [ -63.02, 18.02 ], [ -63.01, 18.07 ], [ -63.12, 18.07 ] ] ] } },
{ "type": "Feature", "properties": { "ISO3": "TUV", "name": "Tuvalu" }, "geometry": { "type": "Polygon", "coordinates": [ [ [ 179.22, -8.51 ], [ 179.21, -8.49 ], [ 179.2, -8.49 ], [ 179.2, -8.51 ], [ 179.22, -8.51 ] ] ] } }
]
}
